"Longitude (x)","Latitude (y)","Station Name","Climate ID","Date/Time (LST)","Year","Month","Day","Time (LST)","Temp (°C)","Temp Flag","Dew Point Temp (°C)","Dew Point Temp Flag","Rel Hum (%)","Rel Hum Flag","Wind Dir (10s deg)","Wind Dir Flag","Wind Spd (km/h)","Wind Spd Flag","Visibility (km)","Visibility Flag","Stn Press (kPa)","Stn Press Flag","Hmdx","Hmdx Flag","Wind Chill","Wind Chill Flag","Weather"
"-133.00","69.45","TUKTOYAKTUK","2203910","1992-09-01 00:00","1992","09","01","00:00","11.8","","6.3","","69","","12","","15","","24.1","","100.10","","","","","","Mostly Cloudy"
"-133.00","69.45","TUKTOYAKTUK","2203910","1992-09-01 01:00","1992","09","01","01:00"
"-133.00","69.45","TUKTOYAKTUK","2203910","1992-09-01 02:00","1992","09","01","02:00"
"-133.00","69.45","TUKTOYAKTUK","2203910","1992-09-01 03:00","1992","09","01","03:00"
"-133.00","69.45","TUKTOYAKTUK","2203910","1992-09-01 04:00","1992","09","01","04:00"
"-133.00","69.45","TUKTOYAKTUK","2203910","1992-09-01 05:00","1992","09","01","05:00"
"-133.00","69.45","TUKTOYAKTUK","2203910","1992-09-01 06:00","1992","09","01","06:00","7.3","","4.6","","83","","12","","22","","24.1","","100.17","","","","","","Mainly Clear"
"-133.00","69.45","TUKTOYAKTUK","2203910","1992-09-01 07:00","1992","09","01","07:00"
"-133.00","69.45","TUKTOYAKTUK","2203910","1992-09-01 08:00","1992","09","01","08:00"
"-133.00","69.45","TUKTOYAKTUK","2203910","1992-09-01 09:00","1992","09","01","09:00"
"-133.00","69.45","TUKTOYAKTUK","2203910","1992-09-01 10:00","1992","09","01","10:00"
"-133.00","69.45","TUKTOYAKTUK","2203910","1992-09-01 11:00","1992","09","01","11:00"
"-133.00","69.45","TUKTOYAKTUK","2203910","1992-09-01 12:00","1992","09","01","12:00","8.8","","4.1","","72","","13","","28","","24.1","","100.30","","","","","","Mostly Cloudy"
"-133.00","69.45","TUKTOYAKTUK","2203910","1992-09-01 13:00","1992","09","01","13:00"
"-133.00","69.45","TUKTOYAKTUK","2203910","1992-09-01 14:00","1992","09","01","14:00"
"-133.00","69.45","TUKTOYAKTUK","2203910","1992-09-01 15:00","1992","09","01","15:00"
"-133.00","69.45","TUKTOYAKTUK","2203910","1992-09-01 16:00","1992","09","01","16:00"
"-133.00","69.45","TUKTOYAKTUK","2203910","1992-09-01 17:00","1992","09","01","17:00"
"-133.00","69.45","TUKTOYAKTUK","2203910","1992-09-01 18:00","1992","09","01","18:00","12.1","","4.0","","58","","14","","17","","24.1","","100.33","","","","","","Mostly Cloudy"
"-133.00","69.45","TUKTOYAKTUK","2203910","1992-09-01 19:00","1992","09","01","19:00"
"-133.00","69.45","TUKTOYAKTUK","2203910","1992-09-01 20:00","1992","09","01","20:00"
"-133.00","69.45","TUKTOYAKTUK","2203910","1992-09-01 21:00","1992","09","01","21:00"
"-133.00","69.45","TUKTOYAKTUK","2203910","1992-09-01 22:00","1992","09","01","22:00"
"-133.00","69.45","TUKTOYAKTUK","2203910","1992-09-01 23:00","1992","09","01","23:00"
"-133.00","69.45","TUKTOYAKTUK","2203910","1992-09-02 00:00","1992","09","02","00:00","9.5","","6.4","","81","","13","","15","","24.1","","100.44","","","","","","Mostly Cloudy"
"-133.00","69.45","TUKTOYAKTUK","2203910","1992-09-02 01:00","1992","09","02","01:00"
"-133.00","69.45","TUKTOYAKTUK","2203910","1992-09-02 02:00","1992","09","02","02:00"
"-133.00","69.45","TUKTOYAKTUK","2203910","1992-09-02 03:00","1992","09","02","03:00"
"-133.00","69.45","TUKTOYAKTUK","2203910","1992-09-02 04:00","1992","09","02","04:00"
"-133.00","69.45","TUKTOYAKTUK","2203910","1992-09-02 05:00","1992","09","02","05:00"
"-133.00","69.45","TUKTOYAKTUK","2203910","1992-09-02 06:00","1992","09","02","06:00","7.3","","6.3","","93","","12","","9","","24.1","","100.60","","","","","","Mainly Clear"
"-133.00","69.45","TUKTOYAKTUK","2203910","1992-09-02 07:00","1992","09","02","07:00"
"-133.00","69.45","TUKTOYAKTUK","2203910","1992-09-02 08:00","1992","09","02","08:00"
"-133.00","69.45","TUKTOYAKTUK","2203910","1992-09-02 09:00","1992","09","02","09:00"
"-133.00","69.45","TUKTOYAKTUK","2203910","1992-09-02 10:00","1992","09","02","10:00"
"-133.00","69.45","TUKTOYAKTUK","2203910","1992-09-02 11:00","1992","09","02","11:00"
"-133.00","69.45","TUKTOYAKTUK","2203910","1992-09-02 12:00","1992","09","02","12:00","9.6","","7.2","","85","","15","","11","","24.1","","100.74","","","","","","Cloudy"
"-133.00","69.45","TUKTOYAKTUK","2203910","1992-09-02 13:00","1992","09","02","13:00"
"-133.00","69.45","TUKTOYAKTUK","2203910","1992-09-02 14:00","1992","09","02","14:00"
"-133.00","69.45","TUKTOYAKTUK","2203910","1992-09-02 15:00","1992","09","02","15:00"
"-133.00","69.45","TUKTOYAKTUK","2203910","1992-09-02 16:00","1992","09","02","16:00"
"-133.00","69.45","TUKTOYAKTUK","2203910","1992-09-02 17:00","1992","09","02","17:00"
"-133.00","69.45","TUKTOYAKTUK","2203910","1992-09-02 18:00","1992","09","02","18:00","8.8","","7.1","","89","","25","","7","","24.1","","101.11","","","","","","Cloudy"
"-133.00","69.45","TUKTOYAKTUK","2203910","1992-09-02 19:00","1992","09","02","19:00"
"-133.00","69.45","TUKTOYAKTUK","2203910","1992-09-02 20:00","1992","09","02","20:00"
"-133.00","69.45","TUKTOYAKTUK","2203910","1992-09-02 21:00","1992","09","02","21:00"
"-133.00","69.45","TUKTOYAKTUK","2203910","1992-09-02 22:00","1992","09","02","22:00"
"-133.00","69.45","TUKTOYAKTUK","2203910","1992-09-02 23:00","1992","09","02","23:00"
"-133.00","69.45","TUKTOYAKTUK","2203910","1992-09-03 00:00","1992","09","03","00:00","8.0","","6.4","","90","","","","0","","24.1","","101.32","","","","","","Cloudy"
"-133.00","69.45","TUKTOYAKTUK","2203910","1992-09-03 01:00","1992","09","03","01:00"
"-133.00","69.45","TUKTOYAKTUK","2203910","1992-09-03 02:00","1992","09","03","02:00"
"-133.00","69.45","TUKTOYAKTUK","2203910","1992-09-03 03:00","1992","09","03","03:00"
"-133.00","69.45","TUKTOYAKTUK","2203910","1992-09-03 04:00","1992","09","03","04:00"
"-133.00","69.45","TUKTOYAKTUK","2203910","1992-09-03 05:00","1992","09","03","05:00"
"-133.00","69.45","TUKTOYAKTUK","2203910","1992-09-03 06:00","1992","09","03","06:00","7.2","","6.6","","96","","5","","9","","24.1","","101.52","","","","","","Rain"
"-133.00","69.45","TUKTOYAKTUK","2203910","1992-09-03 07:00","1992","09","03","07:00"
"-133.00","69.45","TUKTOYAKTUK","2203910","1992-09-03 08:00","1992","09","03","08:00"
"-133.00","69.45","TUKTOYAKTUK","2203910","1992-09-03 09:00","1992","09","03","09:00"
"-133.00","69.45","TUKTOYAKTUK","2203910","1992-09-03 10:00","1992","09","03","10:00"
"-133.00","69.45","TUKTOYAKTUK","2203910","1992-09-03 11:00","1992","09","03","11:00"
"-133.00","69.45","TUKTOYAKTUK","2203910","1992-09-03 12:00","1992","09","03","12:00","8.0","","7.6","","97","","2","","9","","1.6","","101.65","","","","","","Fog"
"-133.00","69.45","TUKTOYAKTUK","2203910","1992-09-03 13:00","1992","09","03","13:00"
"-133.00","69.45","TUKTOYAKTUK","2203910","1992-09-03 14:00","1992","09","03","14:00"
"-133.00","69.45","TUKTOYAKTUK","2203910","1992-09-03 15:00","1992","09","03","15:00"
"-133.00","69.45","TUKTOYAKTUK","2203910","1992-09-03 16:00","1992","09","03","16:00"
"-133.00","69.45","TUKTOYAKTUK","2203910","1992-09-03 17:00","1992","09","03","17:00"
"-133.00","69.45","TUKTOYAKTUK","2203910","1992-09-03 18:00","1992","09","03","18:00","10.0","","8.1","","88","","33","","6","","24.1","","101.82","","","","","","Mostly Cloudy"
"-133.00","69.45","TUKTOYAKTUK","2203910","1992-09-03 19:00","1992","09","03","19:00"
"-133.00","69.45","TUKTOYAKTUK","2203910","1992-09-03 20:00","1992","09","03","20:00"
"-133.00","69.45","TUKTOYAKTUK","2203910","1992-09-03 21:00","1992","09","03","21:00"
"-133.00","69.45","TUKTOYAKTUK","2203910","1992-09-03 22:00","1992","09","03","22:00"
"-133.00","69.45","TUKTOYAKTUK","2203910","1992-09-03 23:00","1992","09","03","23:00"
"-133.00","69.45","TUKTOYAKTUK","2203910","1992-09-04 00:00","1992","09","04","00:00","8.8","","7.9","","94","","30","","4","","24.1","","101.99","","","","","","Mostly Cloudy"
"-133.00","69.45","TUKTOYAKTUK","2203910","1992-09-04 01:00","1992","09","04","01:00"
"-133.00","69.45","TUKTOYAKTUK","2203910","1992-09-04 02:00","1992","09","04","02:00"
"-133.00","69.45","TUKTOYAKTUK","2203910","1992-09-04 03:00","1992","09","04","03:00"
"-133.00","69.45","TUKTOYAKTUK","2203910","1992-09-04 04:00","1992","09","04","04:00"
"-133.00","69.45","TUKTOYAKTUK","2203910","1992-09-04 05:00","1992","09","04","05:00"
"-133.00","69.45","TUKTOYAKTUK","2203910","1992-09-04 06:00","1992","09","04","06:00","8.6","","7.7","","94","","36","","9","","16.1","","102.06","","","","","","Cloudy"
"-133.00","69.45","TUKTOYAKTUK","2203910","1992-09-04 07:00","1992","09","04","07:00"
"-133.00","69.45","TUKTOYAKTUK","2203910","1992-09-04 08:00","1992","09","04","08:00"
"-133.00","69.45","TUKTOYAKTUK","2203910","1992-09-04 09:00","1992","09","04","09:00"
"-133.00","69.45","TUKTOYAKTUK","2203910","1992-09-04 10:00","1992","09","04","10:00"
"-133.00","69.45","TUKTOYAKTUK","2203910","1992-09-04 11:00","1992","09","04","11:00"
"-133.00","69.45","TUKTOYAKTUK","2203910","1992-09-04 12:00","1992","09","04","12:00","8.2","","7.6","","96","","31","","6","","12.9","","102.06","","","","","","Cloudy"
"-133.00","69.45","TUKTOYAKTUK","2203910","1992-09-04 13:00","1992","09","04","13:00"
"-133.00","69.45","TUKTOYAKTUK","2203910","1992-09-04 14:00","1992","09","04","14:00"
"-133.00","69.45","TUKTOYAKTUK","2203910","1992-09-04 15:00","1992","09","04","15:00"
"-133.00","69.45","TUKTOYAKTUK","2203910","1992-09-04 16:00","1992","09","04","16:00"
"-133.00","69.45","TUKTOYAKTUK","2203910","1992-09-04 17:00","1992","09","04","17:00"
"-133.00","69.45","TUKTOYAKTUK","2203910","1992-09-04 18:00","1992","09","04","18:00","9.3","","6.4","","82","","30","","7","","24.1","","102.03","","","","","","Cloudy"
"-133.00","69.45","TUKTOYAKTUK","2203910","1992-09-04 19:00","1992","09","04","19:00"
"-133.00","69.45","TUKTOYAKTUK","2203910","1992-09-04 20:00","1992","09","04","20:00"
"-133.00","69.45","TUKTOYAKTUK","2203910","1992-09-04 21:00","1992","09","04","21:00"
"-133.00","69.45","TUKTOYAKTUK","2203910","1992-09-04 22:00","1992","09","04","22:00"
"-133.00","69.45","TUKTOYAKTUK","2203910","1992-09-04 23:00","1992","09","04","23:00"
"-133.00","69.45","TUKTOYAKTUK","2203910","1992-09-05 00:00","1992","09","05","00:00","5.5","","5.5","","100","","3","","6","","0.2","","101.92","","","","","","Fog"
"-133.00","69.45","TUKTOYAKTUK","2203910","1992-09-05 01:00","1992","09","05","01:00"
"-133.00","69.45","TUKTOYAKTUK","2203910","1992-09-05 02:00","1992","09","05","02:00"
"-133.00","69.45","TUKTOYAKTUK","2203910","1992-09-05 03:00","1992","09","05","03:00"
"-133.00","69.45","TUKTOYAKTUK","2203910","1992-09-05 04:00","1992","09","05","04:00"
"-133.00","69.45","TUKTOYAKTUK","2203910","1992-09-05 05:00","1992","09","05","05:00"
"-133.00","69.45","TUKTOYAKTUK","2203910","1992-09-05 06:00","1992","09","05","06:00","4.4","","4.1","","98","","4","","9","","1.2","","101.86","","","","","","Fog"
"-133.00","69.45","TUKTOYAKTUK","2203910","1992-09-05 07:00","1992","09","05","07:00"
"-133.00","69.45","TUKTOYAKTUK","2203910","1992-09-05 08:00","1992","09","05","08:00"
"-133.00","69.45","TUKTOYAKTUK","2203910","1992-09-05 09:00","1992","09","05","09:00"
"-133.00","69.45","TUKTOYAKTUK","2203910","1992-09-05 10:00","1992","09","05","10:00"
"-133.00","69.45","TUKTOYAKTUK","2203910","1992-09-05 11:00","1992","09","05","11:00"
"-133.00","69.45","TUKTOYAKTUK","2203910","1992-09-05 12:00","1992","09","05","12:00","6.7","","3.5","","80","","9","","9","","24.1","","101.75","","","","","","Mainly Clear"
"-133.00","69.45","TUKTOYAKTUK","2203910","1992-09-05 13:00","1992","09","05","13:00"
"-133.00","69.45","TUKTOYAKTUK","2203910","1992-09-05 14:00","1992","09","05","14:00"
"-133.00","69.45","TUKTOYAKTUK","2203910","1992-09-05 15:00","1992","09","05","15:00"
"-133.00","69.45","TUKTOYAKTUK","2203910","1992-09-05 16:00","1992","09","05","16:00"
"-133.00","69.45","TUKTOYAKTUK","2203910","1992-09-05 17:00","1992","09","05","17:00"
"-133.00","69.45","TUKTOYAKTUK","2203910","1992-09-05 18:00","1992","09","05","18:00","11.1","","2.2","","54","","5","","13","","24.1","","101.59","","","","","","Mainly Clear"
"-133.00","69.45","TUKTOYAKTUK","2203910","1992-09-05 19:00","1992","09","05","19:00"
"-133.00","69.45","TUKTOYAKTUK","2203910","1992-09-05 20:00","1992","09","05","20:00"
"-133.00","69.45","TUKTOYAKTUK","2203910","1992-09-05 21:00","1992","09","05","21:00"
"-133.00","69.45","TUKTOYAKTUK","2203910","1992-09-05 22:00","1992","09","05","22:00"
"-133.00","69.45","TUKTOYAKTUK","2203910","1992-09-05 23:00","1992","09","05","23:00"
"-133.00","69.45","TUKTOYAKTUK","2203910","1992-09-06 00:00","1992","09","06","00:00","5.5","","4.7","","95","","6","","17","","24.1","","101.38","","","","","","Mainly Clear"
"-133.00","69.45","TUKTOYAKTUK","2203910","1992-09-06 01:00","1992","09","06","01:00"
"-133.00","69.45","TUKTOYAKTUK","2203910","1992-09-06 02:00","1992","09","06","02:00"
"-133.00","69.45","TUKTOYAKTUK","2203910","1992-09-06 03:00","1992","09","06","03:00"
"-133.00","69.45","TUKTOYAKTUK","2203910","1992-09-06 04:00","1992","09","06","04:00"
"-133.00","69.45","TUKTOYAKTUK","2203910","1992-09-06 05:00","1992","09","06","05:00"
"-133.00","69.45","TUKTOYAKTUK","2203910","1992-09-06 06:00","1992","09","06","06:00","4.2","","1.3","","81","","8","","11","","24.1","","101.18","","","","","","Mainly Clear"
"-133.00","69.45","TUKTOYAKTUK","2203910","1992-09-06 07:00","1992","09","06","07:00"
"-133.00","69.45","TUKTOYAKTUK","2203910","1992-09-06 08:00","1992","09","06","08:00"
"-133.00","69.45","TUKTOYAKTUK","2203910","1992-09-06 09:00","1992","09","06","09:00"
"-133.00","69.45","TUKTOYAKTUK","2203910","1992-09-06 10:00","1992","09","06","10:00"
"-133.00","69.45","TUKTOYAKTUK","2203910","1992-09-06 11:00","1992","09","06","11:00"
"-133.00","69.45","TUKTOYAKTUK","2203910","1992-09-06 12:00","1992","09","06","12:00","6.0","","3.4","","83","","11","","6","","24.1","","100.84","","","","","","Cloudy"
"-133.00","69.45","TUKTOYAKTUK","2203910","1992-09-06 13:00","1992","09","06","13:00"
"-133.00","69.45","TUKTOYAKTUK","2203910","1992-09-06 14:00","1992","09","06","14:00"
"-133.00","69.45","TUKTOYAKTUK","2203910","1992-09-06 15:00","1992","09","06","15:00"
"-133.00","69.45","TUKTOYAKTUK","2203910","1992-09-06 16:00","1992","09","06","16:00"
"-133.00","69.45","TUKTOYAKTUK","2203910","1992-09-06 17:00","1992","09","06","17:00"
"-133.00","69.45","TUKTOYAKTUK","2203910","1992-09-06 18:00","1992","09","06","18:00","10.2","","1.4","","54","","34","","13","","24.1","","100.67","","","","","","Mainly Clear"
"-133.00","69.45","TUKTOYAKTUK","2203910","1992-09-06 19:00","1992","09","06","19:00"
"-133.00","69.45","TUKTOYAKTUK","2203910","1992-09-06 20:00","1992","09","06","20:00"
"-133.00","69.45","TUKTOYAKTUK","2203910","1992-09-06 21:00","1992","09","06","21:00"
"-133.00","69.45","TUKTOYAKTUK","2203910","1992-09-06 22:00","1992","09","06","22:00"
"-133.00","69.45","TUKTOYAKTUK","2203910","1992-09-06 23:00","1992","09","06","23:00"
"-133.00","69.45","TUKTOYAKTUK","2203910","1992-09-07 00:00","1992","09","07","00:00","5.1","","2.8","","85","","3","","15","","24.1","","100.50","","","","","","Mostly Cloudy"
"-133.00","69.45","TUKTOYAKTUK","2203910","1992-09-07 01:00","1992","09","07","01:00"
"-133.00","69.45","TUKTOYAKTUK","2203910","1992-09-07 02:00","1992","09","07","02:00"
"-133.00","69.45","TUKTOYAKTUK","2203910","1992-09-07 03:00","1992","09","07","03:00"
"-133.00","69.45","TUKTOYAKTUK","2203910","1992-09-07 04:00","1992","09","07","04:00"
"-133.00","69.45","TUKTOYAKTUK","2203910","1992-09-07 05:00","1992","09","07","05:00"
"-133.00","69.45","TUKTOYAKTUK","2203910","1992-09-07 06:00","1992","09","07","06:00","4.8","","2.8","","87","","1","","9","","24.1","","100.37","","","","","","Mostly Cloudy"
"-133.00","69.45","TUKTOYAKTUK","2203910","1992-09-07 07:00","1992","09","07","07:00"
"-133.00","69.45","TUKTOYAKTUK","2203910","1992-09-07 08:00","1992","09","07","08:00"
"-133.00","69.45","TUKTOYAKTUK","2203910","1992-09-07 09:00","1992","09","07","09:00"
"-133.00","69.45","TUKTOYAKTUK","2203910","1992-09-07 10:00","1992","09","07","10:00"
"-133.00","69.45","TUKTOYAKTUK","2203910","1992-09-07 11:00","1992","09","07","11:00"
"-133.00","69.45","TUKTOYAKTUK","2203910","1992-09-07 12:00","1992","09","07","12:00","4.2","","0.3","","75","","1","","13","","24.1","","100.30","","","","","","Cloudy"
"-133.00","69.45","TUKTOYAKTUK","2203910","1992-09-07 13:00","1992","09","07","13:00"
"-133.00","69.45","TUKTOYAKTUK","2203910","1992-09-07 14:00","1992","09","07","14:00"
"-133.00","69.45","TUKTOYAKTUK","2203910","1992-09-07 15:00","1992","09","07","15:00"
"-133.00","69.45","TUKTOYAKTUK","2203910","1992-09-07 16:00","1992","09","07","16:00"
"-133.00","69.45","TUKTOYAKTUK","2203910","1992-09-07 17:00","1992","09","07","17:00"
"-133.00","69.45","TUKTOYAKTUK","2203910","1992-09-07 18:00","1992","09","07","18:00","3.6","","-0.3","","76","","34","","17","","24.1","","100.30","","","","","","Cloudy"
"-133.00","69.45","TUKTOYAKTUK","2203910","1992-09-07 19:00","1992","09","07","19:00"
"-133.00","69.45","TUKTOYAKTUK","2203910","1992-09-07 20:00","1992","09","07","20:00"
"-133.00","69.45","TUKTOYAKTUK","2203910","1992-09-07 21:00","1992","09","07","21:00"
"-133.00","69.45","TUKTOYAKTUK","2203910","1992-09-07 22:00","1992","09","07","22:00"
"-133.00","69.45","TUKTOYAKTUK","2203910","1992-09-07 23:00","1992","09","07","23:00"
"-133.00","69.45","TUKTOYAKTUK","2203910","1992-09-08 00:00","1992","09","08","00:00","3.4","","0.7","","83","","27","","17","","24.1","","100.20","","","","","","Cloudy"
"-133.00","69.45","TUKTOYAKTUK","2203910","1992-09-08 01:00","1992","09","08","01:00"
"-133.00","69.45","TUKTOYAKTUK","2203910","1992-09-08 02:00","1992","09","08","02:00"
"-133.00","69.45","TUKTOYAKTUK","2203910","1992-09-08 03:00","1992","09","08","03:00"
"-133.00","69.45","TUKTOYAKTUK","2203910","1992-09-08 04:00","1992","09","08","04:00"
"-133.00","69.45","TUKTOYAKTUK","2203910","1992-09-08 05:00","1992","09","08","05:00"
"-133.00","69.45","TUKTOYAKTUK","2203910","1992-09-08 06:00","1992","09","08","06:00","2.3","","-0.4","","82","","","","0","","24.1","","100.13","","","","","","Mainly Clear"
"-133.00","69.45","TUKTOYAKTUK","2203910","1992-09-08 07:00","1992","09","08","07:00"
"-133.00","69.45","TUKTOYAKTUK","2203910","1992-09-08 08:00","1992","09","08","08:00"
"-133.00","69.45","TUKTOYAKTUK","2203910","1992-09-08 09:00","1992","09","08","09:00"
"-133.00","69.45","TUKTOYAKTUK","2203910","1992-09-08 10:00","1992","09","08","10:00"
"-133.00","69.45","TUKTOYAKTUK","2203910","1992-09-08 11:00","1992","09","08","11:00"
"-133.00","69.45","TUKTOYAKTUK","2203910","1992-09-08 12:00","1992","09","08","12:00","4.6","","1.3","","79","","17","","19","","24.1","","100.06","","","","","","Cloudy"
"-133.00","69.45","TUKTOYAKTUK","2203910","1992-09-08 13:00","1992","09","08","13:00"
"-133.00","69.45","TUKTOYAKTUK","2203910","1992-09-08 14:00","1992","09","08","14:00"
"-133.00","69.45","TUKTOYAKTUK","2203910","1992-09-08 15:00","1992","09","08","15:00"
"-133.00","69.45","TUKTOYAKTUK","2203910","1992-09-08 16:00","1992","09","08","16:00"
"-133.00","69.45","TUKTOYAKTUK","2203910","1992-09-08 17:00","1992","09","08","17:00"
"-133.00","69.45","TUKTOYAKTUK","2203910","1992-09-08 18:00","1992","09","08","18:00","7.0","","2.2","","72","","24","","15","","24.1","","100.10","","","","","","Rain"
"-133.00","69.45","TUKTOYAKTUK","2203910","1992-09-08 19:00","1992","09","08","19:00"
"-133.00","69.45","TUKTOYAKTUK","2203910","1992-09-08 20:00","1992","09","08","20:00"
"-133.00","69.45","TUKTOYAKTUK","2203910","1992-09-08 21:00","1992","09","08","21:00"
"-133.00","69.45","TUKTOYAKTUK","2203910","1992-09-08 22:00","1992","09","08","22:00"
"-133.00","69.45","TUKTOYAKTUK","2203910","1992-09-08 23:00","1992","09","08","23:00"
"-133.00","69.45","TUKTOYAKTUK","2203910","1992-09-09 00:00","1992","09","09","00:00","4.7","","2.2","","84","","4","","11","","24.1","","100.06","","","","","","Cloudy"
"-133.00","69.45","TUKTOYAKTUK","2203910","1992-09-09 01:00","1992","09","09","01:00"
"-133.00","69.45","TUKTOYAKTUK","2203910","1992-09-09 02:00","1992","09","09","02:00"
"-133.00","69.45","TUKTOYAKTUK","2203910","1992-09-09 03:00","1992","09","09","03:00"
"-133.00","69.45","TUKTOYAKTUK","2203910","1992-09-09 04:00","1992","09","09","04:00"
"-133.00","69.45","TUKTOYAKTUK","2203910","1992-09-09 05:00","1992","09","09","05:00"
"-133.00","69.45","TUKTOYAKTUK","2203910","1992-09-09 06:00","1992","09","09","06:00","6.0","","2.5","","78","","16","","19","","24.1","","99.73","","","","","","Cloudy"
"-133.00","69.45","TUKTOYAKTUK","2203910","1992-09-09 07:00","1992","09","09","07:00"
"-133.00","69.45","TUKTOYAKTUK","2203910","1992-09-09 08:00","1992","09","09","08:00"
"-133.00","69.45","TUKTOYAKTUK","2203910","1992-09-09 09:00","1992","09","09","09:00"
"-133.00","69.45","TUKTOYAKTUK","2203910","1992-09-09 10:00","1992","09","09","10:00"
"-133.00","69.45","TUKTOYAKTUK","2203910","1992-09-09 11:00","1992","09","09","11:00"
"-133.00","69.45","TUKTOYAKTUK","2203910","1992-09-09 12:00","1992","09","09","12:00","5.8","","3.9","","88","","20","","9","","24.1","","99.69","","","","","","Cloudy"
"-133.00","69.45","TUKTOYAKTUK","2203910","1992-09-09 13:00","1992","09","09","13:00"
"-133.00","69.45","TUKTOYAKTUK","2203910","1992-09-09 14:00","1992","09","09","14:00"
"-133.00","69.45","TUKTOYAKTUK","2203910","1992-09-09 15:00","1992","09","09","15:00"
"-133.00","69.45","TUKTOYAKTUK","2203910","1992-09-09 16:00","1992","09","09","16:00"
"-133.00","69.45","TUKTOYAKTUK","2203910","1992-09-09 17:00","1992","09","09","17:00"
"-133.00","69.45","TUKTOYAKTUK","2203910","1992-09-09 18:00","1992","09","09","18:00","3.4","","3.4","","100","","36","","37","","19.3","","100.03","","","","","","Drizzle"
"-133.00","69.45","TUKTOYAKTUK","2203910","1992-09-09 19:00","1992","09","09","19:00"
"-133.00","69.45","TUKTOYAKTUK","2203910","1992-09-09 20:00","1992","09","09","20:00"
"-133.00","69.45","TUKTOYAKTUK","2203910","1992-09-09 21:00","1992","09","09","21:00"
"-133.00","69.45","TUKTOYAKTUK","2203910","1992-09-09 22:00","1992","09","09","22:00"
"-133.00","69.45","TUKTOYAKTUK","2203910","1992-09-09 23:00","1992","09","09","23:00"
"-133.00","69.45","TUKTOYAKTUK","2203910","1992-09-10 00:00","1992","09","10","00:00","1.5","","0.0","","90","","1","","37","","16.1","","100.33","","","","","","Snow"
"-133.00","69.45","TUKTOYAKTUK","2203910","1992-09-10 01:00","1992","09","10","01:00"
"-133.00","69.45","TUKTOYAKTUK","2203910","1992-09-10 02:00","1992","09","10","02:00"
"-133.00","69.45","TUKTOYAKTUK","2203910","1992-09-10 03:00","1992","09","10","03:00"
"-133.00","69.45","TUKTOYAKTUK","2203910","1992-09-10 04:00","1992","09","10","04:00"
"-133.00","69.45","TUKTOYAKTUK","2203910","1992-09-10 05:00","1992","09","10","05:00"
"-133.00","69.45","TUKTOYAKTUK","2203910","1992-09-10 06:00","1992","09","10","06:00","0.4","","-1.0","","90","","2","","26","","24.1","","100.47","","","","","","Cloudy"
"-133.00","69.45","TUKTOYAKTUK","2203910","1992-09-10 07:00","1992","09","10","07:00"
"-133.00","69.45","TUKTOYAKTUK","2203910","1992-09-10 08:00","1992","09","10","08:00"
"-133.00","69.45","TUKTOYAKTUK","2203910","1992-09-10 09:00","1992","09","10","09:00"
"-133.00","69.45","TUKTOYAKTUK","2203910","1992-09-10 10:00","1992","09","10","10:00"
"-133.00","69.45","TUKTOYAKTUK","2203910","1992-09-10 11:00","1992","09","10","11:00"
"-133.00","69.45","TUKTOYAKTUK","2203910","1992-09-10 12:00","1992","09","10","12:00","0.9","","0.5","","97","","2","","26","","24.1","","100.44","","","","","","Cloudy"
"-133.00","69.45","TUKTOYAKTUK","2203910","1992-09-10 13:00","1992","09","10","13:00"
"-133.00","69.45","TUKTOYAKTUK","2203910","1992-09-10 14:00","1992","09","10","14:00"
"-133.00","69.45","TUKTOYAKTUK","2203910","1992-09-10 15:00","1992","09","10","15:00"
"-133.00","69.45","TUKTOYAKTUK","2203910","1992-09-10 16:00","1992","09","10","16:00"
"-133.00","69.45","TUKTOYAKTUK","2203910","1992-09-10 17:00","1992","09","10","17:00"
"-133.00","69.45","TUKTOYAKTUK","2203910","1992-09-10 18:00","1992","09","10","18:00","1.0","","-3.0","","75","","35","","30","","16.1","","100.64","","","","","","Cloudy"
"-133.00","69.45","TUKTOYAKTUK","2203910","1992-09-10 19:00","1992","09","10","19:00"
"-133.00","69.45","TUKTOYAKTUK","2203910","1992-09-10 20:00","1992","09","10","20:00"
"-133.00","69.45","TUKTOYAKTUK","2203910","1992-09-10 21:00","1992","09","10","21:00"
"-133.00","69.45","TUKTOYAKTUK","2203910","1992-09-10 22:00","1992","09","10","22:00"
"-133.00","69.45","TUKTOYAKTUK","2203910","1992-09-10 23:00","1992","09","10","23:00"
"-133.00","69.45","TUKTOYAKTUK","2203910","1992-09-11 00:00","1992","09","11","00:00","0.2","","-0.5","","95","","36","","22","","8.0","","100.91","","","","","","Snow"
"-133.00","69.45","TUKTOYAKTUK","2203910","1992-09-11 01:00","1992","09","11","01:00"
"-133.00","69.45","TUKTOYAKTUK","2203910","1992-09-11 02:00","1992","09","11","02:00"
"-133.00","69.45","TUKTOYAKTUK","2203910","1992-09-11 03:00","1992","09","11","03:00"
"-133.00","69.45","TUKTOYAKTUK","2203910","1992-09-11 04:00","1992","09","11","04:00"
"-133.00","69.45","TUKTOYAKTUK","2203910","1992-09-11 05:00","1992","09","11","05:00"
"-133.00","69.45","TUKTOYAKTUK","2203910","1992-09-11 06:00","1992","09","11","06:00","0.8","","0.0","","95","","36","","26","","24.1","","101.15","","","","","","Cloudy"
"-133.00","69.45","TUKTOYAKTUK","2203910","1992-09-11 07:00","1992","09","11","07:00"
"-133.00","69.45","TUKTOYAKTUK","2203910","1992-09-11 08:00","1992","09","11","08:00"
"-133.00","69.45","TUKTOYAKTUK","2203910","1992-09-11 09:00","1992","09","11","09:00"
"-133.00","69.45","TUKTOYAKTUK","2203910","1992-09-11 10:00","1992","09","11","10:00"
"-133.00","69.45","TUKTOYAKTUK","2203910","1992-09-11 11:00","1992","09","11","11:00"
"-133.00","69.45","TUKTOYAKTUK","2203910","1992-09-11 12:00","1992","09","11","12:00","1.3","","1.0","","98","","34","","19","","24.1","","101.38","","","","","","Mostly Cloudy"
"-133.00","69.45","TUKTOYAKTUK","2203910","1992-09-11 13:00","1992","09","11","13:00"
"-133.00","69.45","TUKTOYAKTUK","2203910","1992-09-11 14:00","1992","09","11","14:00"
"-133.00","69.45","TUKTOYAKTUK","2203910","1992-09-11 15:00","1992","09","11","15:00"
"-133.00","69.45","TUKTOYAKTUK","2203910","1992-09-11 16:00","1992","09","11","16:00"
"-133.00","69.45","TUKTOYAKTUK","2203910","1992-09-11 17:00","1992","09","11","17:00"
"-133.00","69.45","TUKTOYAKTUK","2203910","1992-09-11 18:00","1992","09","11","18:00","2.2","","-1.5","","76","","35","","7","","24.1","","101.48","","","","","","Mostly Cloudy"
"-133.00","69.45","TUKTOYAKTUK","2203910","1992-09-11 19:00","1992","09","11","19:00"
"-133.00","69.45","TUKTOYAKTUK","2203910","1992-09-11 20:00","1992","09","11","20:00"
"-133.00","69.45","TUKTOYAKTUK","2203910","1992-09-11 21:00","1992","09","11","21:00"
"-133.00","69.45","TUKTOYAKTUK","2203910","1992-09-11 22:00","1992","09","11","22:00"
"-133.00","69.45","TUKTOYAKTUK","2203910","1992-09-11 23:00","1992","09","11","23:00"
"-133.00","69.45","TUKTOYAKTUK","2203910","1992-09-12 00:00","1992","09","12","00:00","1.0","","-2.4","","78","","22","","11","","24.1","","101.52","","","","","","Mostly Cloudy"
"-133.00","69.45","TUKTOYAKTUK","2203910","1992-09-12 01:00","1992","09","12","01:00"
"-133.00","69.45","TUKTOYAKTUK","2203910","1992-09-12 02:00","1992","09","12","02:00"
"-133.00","69.45","TUKTOYAKTUK","2203910","1992-09-12 03:00","1992","09","12","03:00"
"-133.00","69.45","TUKTOYAKTUK","2203910","1992-09-12 04:00","1992","09","12","04:00"
"-133.00","69.45","TUKTOYAKTUK","2203910","1992-09-12 05:00","1992","09","12","05:00"
"-133.00","69.45","TUKTOYAKTUK","2203910","1992-09-12 06:00","1992","09","12","06:00","0.2","","-0.8","","93","","23","","13","","24.1","","101.52","","","","","","Mostly Cloudy"
"-133.00","69.45","TUKTOYAKTUK","2203910","1992-09-12 07:00","1992","09","12","07:00"
"-133.00","69.45","TUKTOYAKTUK","2203910","1992-09-12 08:00","1992","09","12","08:00"
"-133.00","69.45","TUKTOYAKTUK","2203910","1992-09-12 09:00","1992","09","12","09:00"
"-133.00","69.45","TUKTOYAKTUK","2203910","1992-09-12 10:00","1992","09","12","10:00"
"-133.00","69.45","TUKTOYAKTUK","2203910","1992-09-12 11:00","1992","09","12","11:00"
"-133.00","69.45","TUKTOYAKTUK","2203910","1992-09-12 12:00","1992","09","12","12:00","2.6","","0.1","","84","","28","","22","","24.1","","101.62","","","","","","Mostly Cloudy"
"-133.00","69.45","TUKTOYAKTUK","2203910","1992-09-12 13:00","1992","09","12","13:00"
"-133.00","69.45","TUKTOYAKTUK","2203910","1992-09-12 14:00","1992","09","12","14:00"
"-133.00","69.45","TUKTOYAKTUK","2203910","1992-09-12 15:00","1992","09","12","15:00"
"-133.00","69.45","TUKTOYAKTUK","2203910","1992-09-12 16:00","1992","09","12","16:00"
"-133.00","69.45","TUKTOYAKTUK","2203910","1992-09-12 17:00","1992","09","12","17:00"
"-133.00","69.45","TUKTOYAKTUK","2203910","1992-09-12 18:00","1992","09","12","18:00","3.0","","-0.9","","76","","30","","19","","24.1","","101.92","","","","","","Mostly Cloudy"
"-133.00","69.45","TUKTOYAKTUK","2203910","1992-09-12 19:00","1992","09","12","19:00"
"-133.00","69.45","TUKTOYAKTUK","2203910","1992-09-12 20:00","1992","09","12","20:00"
"-133.00","69.45","TUKTOYAKTUK","2203910","1992-09-12 21:00","1992","09","12","21:00"
"-133.00","69.45","TUKTOYAKTUK","2203910","1992-09-12 22:00","1992","09","12","22:00"
"-133.00","69.45","TUKTOYAKTUK","2203910","1992-09-12 23:00","1992","09","12","23:00"
"-133.00","69.45","TUKTOYAKTUK","2203910","1992-09-13 00:00","1992","09","13","00:00","1.1","","-1.0","","86","","33","","15","","24.1","","101.92","","","","","","Mostly Cloudy"
"-133.00","69.45","TUKTOYAKTUK","2203910","1992-09-13 01:00","1992","09","13","01:00"
"-133.00","69.45","TUKTOYAKTUK","2203910","1992-09-13 02:00","1992","09","13","02:00"
"-133.00","69.45","TUKTOYAKTUK","2203910","1992-09-13 03:00","1992","09","13","03:00"
"-133.00","69.45","TUKTOYAKTUK","2203910","1992-09-13 04:00","1992","09","13","04:00"
"-133.00","69.45","TUKTOYAKTUK","2203910","1992-09-13 05:00","1992","09","13","05:00"
"-133.00","69.45","TUKTOYAKTUK","2203910","1992-09-13 06:00","1992","09","13","06:00","-0.3","","-1.3","","93","","","","0","","24.1","","101.89","","","","","","Mostly Cloudy"
"-133.00","69.45","TUKTOYAKTUK","2203910","1992-09-13 07:00","1992","09","13","07:00"
"-133.00","69.45","TUKTOYAKTUK","2203910","1992-09-13 08:00","1992","09","13","08:00"
"-133.00","69.45","TUKTOYAKTUK","2203910","1992-09-13 09:00","1992","09","13","09:00"
"-133.00","69.45","TUKTOYAKTUK","2203910","1992-09-13 10:00","1992","09","13","10:00"
"-133.00","69.45","TUKTOYAKTUK","2203910","1992-09-13 11:00","1992","09","13","11:00"
"-133.00","69.45","TUKTOYAKTUK","2203910","1992-09-13 12:00","1992","09","13","12:00","1.1","","-0.5","","89","","10","","15","","24.1","","101.75","","","","","","Mostly Cloudy"
"-133.00","69.45","TUKTOYAKTUK","2203910","1992-09-13 13:00","1992","09","13","13:00"
"-133.00","69.45","TUKTOYAKTUK","2203910","1992-09-13 14:00","1992","09","13","14:00"
"-133.00","69.45","TUKTOYAKTUK","2203910","1992-09-13 15:00","1992","09","13","15:00"
"-133.00","69.45","TUKTOYAKTUK","2203910","1992-09-13 16:00","1992","09","13","16:00"
"-133.00","69.45","TUKTOYAKTUK","2203910","1992-09-13 17:00","1992","09","13","17:00"
"-133.00","69.45","TUKTOYAKTUK","2203910","1992-09-13 18:00","1992","09","13","18:00","3.1","","-3.2","","63","","9","","19","","24.1","","101.59","","","","","","Cloudy"
"-133.00","69.45","TUKTOYAKTUK","2203910","1992-09-13 19:00","1992","09","13","19:00"
"-133.00","69.45","TUKTOYAKTUK","2203910","1992-09-13 20:00","1992","09","13","20:00"
"-133.00","69.45","TUKTOYAKTUK","2203910","1992-09-13 21:00","1992","09","13","21:00"
"-133.00","69.45","TUKTOYAKTUK","2203910","1992-09-13 22:00","1992","09","13","22:00"
"-133.00","69.45","TUKTOYAKTUK","2203910","1992-09-13 23:00","1992","09","13","23:00"
"-133.00","69.45","TUKTOYAKTUK","2203910","1992-09-14 00:00","1992","09","14","00:00","0.7","","-2.0","","82","","6","","19","","24.1","","101.52","","","","","","Mostly Cloudy"
"-133.00","69.45","TUKTOYAKTUK","2203910","1992-09-14 01:00","1992","09","14","01:00"
"-133.00","69.45","TUKTOYAKTUK","2203910","1992-09-14 02:00","1992","09","14","02:00"
"-133.00","69.45","TUKTOYAKTUK","2203910","1992-09-14 03:00","1992","09","14","03:00"
"-133.00","69.45","TUKTOYAKTUK","2203910","1992-09-14 04:00","1992","09","14","04:00"
"-133.00","69.45","TUKTOYAKTUK","2203910","1992-09-14 05:00","1992","09","14","05:00"
"-133.00","69.45","TUKTOYAKTUK","2203910","1992-09-14 06:00","1992","09","14","06:00","-0.5","","-1.6","","92","","5","","24","","24.1","","101.42","","","","-6","","Cloudy"
"-133.00","69.45","TUKTOYAKTUK","2203910","1992-09-14 07:00","1992","09","14","07:00"
"-133.00","69.45","TUKTOYAKTUK","2203910","1992-09-14 08:00","1992","09","14","08:00"
"-133.00","69.45","TUKTOYAKTUK","2203910","1992-09-14 09:00","1992","09","14","09:00"
"-133.00","69.45","TUKTOYAKTUK","2203910","1992-09-14 10:00","1992","09","14","10:00"
"-133.00","69.45","TUKTOYAKTUK","2203910","1992-09-14 11:00","1992","09","14","11:00"
"-133.00","69.45","TUKTOYAKTUK","2203910","1992-09-14 12:00","1992","09","14","12:00","0.1","","0.1","","100","","3","","26","","2.4","","101.38","","","","","","Snow,Fog"
"-133.00","69.45","TUKTOYAKTUK","2203910","1992-09-14 13:00","1992","09","14","13:00"
"-133.00","69.45","TUKTOYAKTUK","2203910","1992-09-14 14:00","1992","09","14","14:00"
"-133.00","69.45","TUKTOYAKTUK","2203910","1992-09-14 15:00","1992","09","14","15:00"
"-133.00","69.45","TUKTOYAKTUK","2203910","1992-09-14 16:00","1992","09","14","16:00"
"-133.00","69.45","TUKTOYAKTUK","2203910","1992-09-14 17:00","1992","09","14","17:00"
"-133.00","69.45","TUKTOYAKTUK","2203910","1992-09-14 18:00","1992","09","14","18:00","-0.4","","-1.2","","94","","2","","30","","24.1","","101.28","","","","-7","","Cloudy"
"-133.00","69.45","TUKTOYAKTUK","2203910","1992-09-14 19:00","1992","09","14","19:00"
"-133.00","69.45","TUKTOYAKTUK","2203910","1992-09-14 20:00","1992","09","14","20:00"
"-133.00","69.45","TUKTOYAKTUK","2203910","1992-09-14 21:00","1992","09","14","21:00"
"-133.00","69.45","TUKTOYAKTUK","2203910","1992-09-14 22:00","1992","09","14","22:00"
"-133.00","69.45","TUKTOYAKTUK","2203910","1992-09-14 23:00","1992","09","14","23:00"
"-133.00","69.45","TUKTOYAKTUK","2203910","1992-09-15 00:00","1992","09","15","00:00","-0.2","","-2.3","","86","","34","","9","","24.1","","101.18","","","","-3","","Cloudy"
"-133.00","69.45","TUKTOYAKTUK","2203910","1992-09-15 01:00","1992","09","15","01:00"
"-133.00","69.45","TUKTOYAKTUK","2203910","1992-09-15 02:00","1992","09","15","02:00"
"-133.00","69.45","TUKTOYAKTUK","2203910","1992-09-15 03:00","1992","09","15","03:00"
"-133.00","69.45","TUKTOYAKTUK","2203910","1992-09-15 04:00","1992","09","15","04:00"
"-133.00","69.45","TUKTOYAKTUK","2203910","1992-09-15 05:00","1992","09","15","05:00"
"-133.00","69.45","TUKTOYAKTUK","2203910","1992-09-15 06:00","1992","09","15","06:00","-1.1","","-1.1","","100","","28","","33","","24.1","","101.04","","","","-8","","Mostly Cloudy"
"-133.00","69.45","TUKTOYAKTUK","2203910","1992-09-15 07:00","1992","09","15","07:00"
"-133.00","69.45","TUKTOYAKTUK","2203910","1992-09-15 08:00","1992","09","15","08:00"
"-133.00","69.45","TUKTOYAKTUK","2203910","1992-09-15 09:00","1992","09","15","09:00"
"-133.00","69.45","TUKTOYAKTUK","2203910","1992-09-15 10:00","1992","09","15","10:00"
"-133.00","69.45","TUKTOYAKTUK","2203910","1992-09-15 11:00","1992","09","15","11:00"
"-133.00","69.45","TUKTOYAKTUK","2203910","1992-09-15 12:00","1992","09","15","12:00","-1.3","","-1.7","","97","","29","","28","","24.1","","101.08","","","","-8","","Mostly Cloudy"
"-133.00","69.45","TUKTOYAKTUK","2203910","1992-09-15 13:00","1992","09","15","13:00"
"-133.00","69.45","TUKTOYAKTUK","2203910","1992-09-15 14:00","1992","09","15","14:00"
"-133.00","69.45","TUKTOYAKTUK","2203910","1992-09-15 15:00","1992","09","15","15:00"
"-133.00","69.45","TUKTOYAKTUK","2203910","1992-09-15 16:00","1992","09","15","16:00"
"-133.00","69.45","TUKTOYAKTUK","2203910","1992-09-15 17:00","1992","09","15","17:00"
"-133.00","69.45","TUKTOYAKTUK","2203910","1992-09-15 18:00","1992","09","15","18:00","-1.2","","-2.7","","89","","29","","30","","24.1","","101.28","","","","-8","","Snow"
"-133.00","69.45","TUKTOYAKTUK","2203910","1992-09-15 19:00","1992","09","15","19:00"
"-133.00","69.45","TUKTOYAKTUK","2203910","1992-09-15 20:00","1992","09","15","20:00"
"-133.00","69.45","TUKTOYAKTUK","2203910","1992-09-15 21:00","1992","09","15","21:00"
"-133.00","69.45","TUKTOYAKTUK","2203910","1992-09-15 22:00","1992","09","15","22:00"
"-133.00","69.45","TUKTOYAKTUK","2203910","1992-09-15 23:00","1992","09","15","23:00"
"-133.00","69.45","TUKTOYAKTUK","2203910","1992-09-16 00:00","1992","09","16","00:00","-1.3","","-2.5","","91","","30","","50","","24.1","","101.45","","","","-10","","Cloudy"
"-133.00","69.45","TUKTOYAKTUK","2203910","1992-09-16 01:00","1992","09","16","01:00"
"-133.00","69.45","TUKTOYAKTUK","2203910","1992-09-16 02:00","1992","09","16","02:00"
"-133.00","69.45","TUKTOYAKTUK","2203910","1992-09-16 03:00","1992","09","16","03:00"
"-133.00","69.45","TUKTOYAKTUK","2203910","1992-09-16 04:00","1992","09","16","04:00"
"-133.00","69.45","TUKTOYAKTUK","2203910","1992-09-16 05:00","1992","09","16","05:00"
"-133.00","69.45","TUKTOYAKTUK","2203910","1992-09-16 06:00","1992","09","16","06:00","-1.3","","-2.2","","93","","28","","37","","24.1","","101.62","","","","-9","","Mostly Cloudy"
"-133.00","69.45","TUKTOYAKTUK","2203910","1992-09-16 07:00","1992","09","16","07:00"
"-133.00","69.45","TUKTOYAKTUK","2203910","1992-09-16 08:00","1992","09","16","08:00"
"-133.00","69.45","TUKTOYAKTUK","2203910","1992-09-16 09:00","1992","09","16","09:00"
"-133.00","69.45","TUKTOYAKTUK","2203910","1992-09-16 10:00","1992","09","16","10:00"
"-133.00","69.45","TUKTOYAKTUK","2203910","1992-09-16 11:00","1992","09","16","11:00"
"-133.00","69.45","TUKTOYAKTUK","2203910","1992-09-16 12:00","1992","09","16","12:00","-2.4","","-2.8","","97","","12","","37","","24.1","","101.72","","","","-10","","Cloudy"
"-133.00","69.45","TUKTOYAKTUK","2203910","1992-09-16 13:00","1992","09","16","13:00"
"-133.00","69.45","TUKTOYAKTUK","2203910","1992-09-16 14:00","1992","09","16","14:00"
"-133.00","69.45","TUKTOYAKTUK","2203910","1992-09-16 15:00","1992","09","16","15:00"
"-133.00","69.45","TUKTOYAKTUK","2203910","1992-09-16 16:00","1992","09","16","16:00"
"-133.00","69.45","TUKTOYAKTUK","2203910","1992-09-16 17:00","1992","09","16","17:00"
"-133.00","69.45","TUKTOYAKTUK","2203910","1992-09-16 18:00","1992","09","16","18:00","-0.5","","-0.8","","98","","26","","31","","24.1","","101.72","","","","-7","","Mostly Cloudy"
"-133.00","69.45","TUKTOYAKTUK","2203910","1992-09-16 19:00","1992","09","16","19:00"
"-133.00","69.45","TUKTOYAKTUK","2203910","1992-09-16 20:00","1992","09","16","20:00"
"-133.00","69.45","TUKTOYAKTUK","2203910","1992-09-16 21:00","1992","09","16","21:00"
"-133.00","69.45","TUKTOYAKTUK","2203910","1992-09-16 22:00","1992","09","16","22:00"
"-133.00","69.45","TUKTOYAKTUK","2203910","1992-09-16 23:00","1992","09","16","23:00"
"-133.00","69.45","TUKTOYAKTUK","2203910","1992-09-17 00:00","1992","09","17","00:00","-2.1","","-2.8","","95","","24","","19","","24.1","","101.72","","","","-8","","Cloudy"
"-133.00","69.45","TUKTOYAKTUK","2203910","1992-09-17 01:00","1992","09","17","01:00"
"-133.00","69.45","TUKTOYAKTUK","2203910","1992-09-17 02:00","1992","09","17","02:00"
"-133.00","69.45","TUKTOYAKTUK","2203910","1992-09-17 03:00","1992","09","17","03:00"
"-133.00","69.45","TUKTOYAKTUK","2203910","1992-09-17 04:00","1992","09","17","04:00"
"-133.00","69.45","TUKTOYAKTUK","2203910","1992-09-17 05:00","1992","09","17","05:00"
"-133.00","69.45","TUKTOYAKTUK","2203910","1992-09-17 06:00","1992","09","17","06:00","-3.4","","-4.0","","96","","21","","7","","24.1","","101.62","","","","-6","","Mostly Cloudy"
"-133.00","69.45","TUKTOYAKTUK","2203910","1992-09-17 07:00","1992","09","17","07:00"
"-133.00","69.45","TUKTOYAKTUK","2203910","1992-09-17 08:00","1992","09","17","08:00"
"-133.00","69.45","TUKTOYAKTUK","2203910","1992-09-17 09:00","1992","09","17","09:00"
"-133.00","69.45","TUKTOYAKTUK","2203910","1992-09-17 10:00","1992","09","17","10:00"
"-133.00","69.45","TUKTOYAKTUK","2203910","1992-09-17 11:00","1992","09","17","11:00"
"-133.00","69.45","TUKTOYAKTUK","2203910","1992-09-17 12:00","1992","09","17","12:00","-1.9","","-5.4","","77","","24","","11","","24.1","","101.52","","","","-6","","Mainly Clear"
"-133.00","69.45","TUKTOYAKTUK","2203910","1992-09-17 13:00","1992","09","17","13:00"
"-133.00","69.45","TUKTOYAKTUK","2203910","1992-09-17 14:00","1992","09","17","14:00"
"-133.00","69.45","TUKTOYAKTUK","2203910","1992-09-17 15:00","1992","09","17","15:00"
"-133.00","69.45","TUKTOYAKTUK","2203910","1992-09-17 16:00","1992","09","17","16:00"
"-133.00","69.45","TUKTOYAKTUK","2203910","1992-09-17 17:00","1992","09","17","17:00"
"-133.00","69.45","TUKTOYAKTUK","2203910","1992-09-17 18:00","1992","09","17","18:00","-1.0","","-5.4","","72","","23","","9","","24.1","","101.48","","","","-4","","Mostly Cloudy"
"-133.00","69.45","TUKTOYAKTUK","2203910","1992-09-17 19:00","1992","09","17","19:00"
"-133.00","69.45","TUKTOYAKTUK","2203910","1992-09-17 20:00","1992","09","17","20:00"
"-133.00","69.45","TUKTOYAKTUK","2203910","1992-09-17 21:00","1992","09","17","21:00"
"-133.00","69.45","TUKTOYAKTUK","2203910","1992-09-17 22:00","1992","09","17","22:00"
"-133.00","69.45","TUKTOYAKTUK","2203910","1992-09-17 23:00","1992","09","17","23:00"
"-133.00","69.45","TUKTOYAKTUK","2203910","1992-09-18 00:00","1992","09","18","00:00","-1.9","","-3.3","","90","","","","0","","24.1","","101.25","","","","","","Mostly Cloudy"
"-133.00","69.45","TUKTOYAKTUK","2203910","1992-09-18 01:00","1992","09","18","01:00"
"-133.00","69.45","TUKTOYAKTUK","2203910","1992-09-18 02:00","1992","09","18","02:00"
"-133.00","69.45","TUKTOYAKTUK","2203910","1992-09-18 03:00","1992","09","18","03:00"
"-133.00","69.45","TUKTOYAKTUK","2203910","1992-09-18 04:00","1992","09","18","04:00"
"-133.00","69.45","TUKTOYAKTUK","2203910","1992-09-18 05:00","1992","09","18","05:00"
"-133.00","69.45","TUKTOYAKTUK","2203910","1992-09-18 06:00","1992","09","18","06:00","-4.2","","-4.5","","98","","","","0","","24.1","","101.04","","","","","","Mainly Clear"
"-133.00","69.45","TUKTOYAKTUK","2203910","1992-09-18 07:00","1992","09","18","07:00"
"-133.00","69.45","TUKTOYAKTUK","2203910","1992-09-18 08:00","1992","09","18","08:00"
"-133.00","69.45","TUKTOYAKTUK","2203910","1992-09-18 09:00","1992","09","18","09:00"
"-133.00","69.45","TUKTOYAKTUK","2203910","1992-09-18 10:00","1992","09","18","10:00"
"-133.00","69.45","TUKTOYAKTUK","2203910","1992-09-18 11:00","1992","09","18","11:00"
"-133.00","69.45","TUKTOYAKTUK","2203910","1992-09-18 12:00","1992","09","18","12:00","-3.0","","-4.8","","87","","11","","4","","24.1","","100.71","","","","-5","","Mostly Cloudy"
"-133.00","69.45","TUKTOYAKTUK","2203910","1992-09-18 13:00","1992","09","18","13:00"
"-133.00","69.45","TUKTOYAKTUK","2203910","1992-09-18 14:00","1992","09","18","14:00"
"-133.00","69.45","TUKTOYAKTUK","2203910","1992-09-18 15:00","1992","09","18","15:00"
"-133.00","69.45","TUKTOYAKTUK","2203910","1992-09-18 16:00","1992","09","18","16:00"
"-133.00","69.45","TUKTOYAKTUK","2203910","1992-09-18 17:00","1992","09","18","17:00"
"-133.00","69.45","TUKTOYAKTUK","2203910","1992-09-18 18:00","1992","09","18","18:00","-1.2","","-8.1","","59","","3","","19","","24.1","","100.50","","","","-7","","Mainly Clear"
"-133.00","69.45","TUKTOYAKTUK","2203910","1992-09-18 19:00","1992","09","18","19:00"
"-133.00","69.45","TUKTOYAKTUK","2203910","1992-09-18 20:00","1992","09","18","20:00"
"-133.00","69.45","TUKTOYAKTUK","2203910","1992-09-18 21:00","1992","09","18","21:00"
"-133.00","69.45","TUKTOYAKTUK","2203910","1992-09-18 22:00","1992","09","18","22:00"
"-133.00","69.45","TUKTOYAKTUK","2203910","1992-09-18 23:00","1992","09","18","23:00"
"-133.00","69.45","TUKTOYAKTUK","2203910","1992-09-19 00:00","1992","09","19","00:00","-4.6","","-6.3","","88","","5","","13","","24.1","","100.57","","","","-10","","Mainly Clear"
"-133.00","69.45","TUKTOYAKTUK","2203910","1992-09-19 01:00","1992","09","19","01:00"
"-133.00","69.45","TUKTOYAKTUK","2203910","1992-09-19 02:00","1992","09","19","02:00"
"-133.00","69.45","TUKTOYAKTUK","2203910","1992-09-19 03:00","1992","09","19","03:00"
"-133.00","69.45","TUKTOYAKTUK","2203910","1992-09-19 04:00","1992","09","19","04:00"
"-133.00","69.45","TUKTOYAKTUK","2203910","1992-09-19 05:00","1992","09","19","05:00"
"-133.00","69.45","TUKTOYAKTUK","2203910","1992-09-19 06:00","1992","09","19","06:00","-3.1","","-3.4","","98","","36","","19","","24.1","","100.77","","","","-9","","Mostly Cloudy"
"-133.00","69.45","TUKTOYAKTUK","2203910","1992-09-19 07:00","1992","09","19","07:00"
"-133.00","69.45","TUKTOYAKTUK","2203910","1992-09-19 08:00","1992","09","19","08:00"
"-133.00","69.45","TUKTOYAKTUK","2203910","1992-09-19 09:00","1992","09","19","09:00"
"-133.00","69.45","TUKTOYAKTUK","2203910","1992-09-19 10:00","1992","09","19","10:00"
"-133.00","69.45","TUKTOYAKTUK","2203910","1992-09-19 11:00","1992","09","19","11:00"
"-133.00","69.45","TUKTOYAKTUK","2203910","1992-09-19 12:00","1992","09","19","12:00","-4.5","","-6.3","","87","","35","","15","","16.1","","100.91","","","","-10","","Snow"
"-133.00","69.45","TUKTOYAKTUK","2203910","1992-09-19 13:00","1992","09","19","13:00"
"-133.00","69.45","TUKTOYAKTUK","2203910","1992-09-19 14:00","1992","09","19","14:00"
"-133.00","69.45","TUKTOYAKTUK","2203910","1992-09-19 15:00","1992","09","19","15:00"
"-133.00","69.45","TUKTOYAKTUK","2203910","1992-09-19 16:00","1992","09","19","16:00"
"-133.00","69.45","TUKTOYAKTUK","2203910","1992-09-19 17:00","1992","09","19","17:00"
"-133.00","69.45","TUKTOYAKTUK","2203910","1992-09-19 18:00","1992","09","19","18:00","-4.4","","-7.9","","76","","36","","15","","24.1","","101.08","","","","-10","","Mostly Cloudy"
"-133.00","69.45","TUKTOYAKTUK","2203910","1992-09-19 19:00","1992","09","19","19:00"
"-133.00","69.45","TUKTOYAKTUK","2203910","1992-09-19 20:00","1992","09","19","20:00"
"-133.00","69.45","TUKTOYAKTUK","2203910","1992-09-19 21:00","1992","09","19","21:00"
"-133.00","69.45","TUKTOYAKTUK","2203910","1992-09-19 22:00","1992","09","19","22:00"
"-133.00","69.45","TUKTOYAKTUK","2203910","1992-09-19 23:00","1992","09","19","23:00"
"-133.00","69.45","TUKTOYAKTUK","2203910","1992-09-20 00:00","1992","09","20","00:00","-5.9","","-7.4","","89","","35","","11","","24.1","","101.18","","","","-11","","Cloudy"
"-133.00","69.45","TUKTOYAKTUK","2203910","1992-09-20 01:00","1992","09","20","01:00"
"-133.00","69.45","TUKTOYAKTUK","2203910","1992-09-20 02:00","1992","09","20","02:00"
"-133.00","69.45","TUKTOYAKTUK","2203910","1992-09-20 03:00","1992","09","20","03:00"
"-133.00","69.45","TUKTOYAKTUK","2203910","1992-09-20 04:00","1992","09","20","04:00"
"-133.00","69.45","TUKTOYAKTUK","2203910","1992-09-20 05:00","1992","09","20","05:00"
"-133.00","69.45","TUKTOYAKTUK","2203910","1992-09-20 06:00","1992","09","20","06:00","-6.2","","-6.8","","96","","34","","19","","9.7","","101.38","","","","-13","","Snow"
"-133.00","69.45","TUKTOYAKTUK","2203910","1992-09-20 07:00","1992","09","20","07:00"
"-133.00","69.45","TUKTOYAKTUK","2203910","1992-09-20 08:00","1992","09","20","08:00"
"-133.00","69.45","TUKTOYAKTUK","2203910","1992-09-20 09:00","1992","09","20","09:00"
"-133.00","69.45","TUKTOYAKTUK","2203910","1992-09-20 10:00","1992","09","20","10:00"
"-133.00","69.45","TUKTOYAKTUK","2203910","1992-09-20 11:00","1992","09","20","11:00"
"-133.00","69.45","TUKTOYAKTUK","2203910","1992-09-20 12:00","1992","09","20","12:00","-5.1","","-6.6","","89","","34","","15","","24.1","","101.48","","","","-11","","Snow Grains"
"-133.00","69.45","TUKTOYAKTUK","2203910","1992-09-20 13:00","1992","09","20","13:00"
"-133.00","69.45","TUKTOYAKTUK","2203910","1992-09-20 14:00","1992","09","20","14:00"
"-133.00","69.45","TUKTOYAKTUK","2203910","1992-09-20 15:00","1992","09","20","15:00"
"-133.00","69.45","TUKTOYAKTUK","2203910","1992-09-20 16:00","1992","09","20","16:00"
"-133.00","69.45","TUKTOYAKTUK","2203910","1992-09-20 17:00","1992","09","20","17:00"
"-133.00","69.45","TUKTOYAKTUK","2203910","1992-09-20 18:00","1992","09","20","18:00","-4.0","","-5.1","","92","","1","","17","","24.1","","101.65","","","","-10","","Cloudy"
"-133.00","69.45","TUKTOYAKTUK","2203910","1992-09-20 19:00","1992","09","20","19:00"
"-133.00","69.45","TUKTOYAKTUK","2203910","1992-09-20 20:00","1992","09","20","20:00"
"-133.00","69.45","TUKTOYAKTUK","2203910","1992-09-20 21:00","1992","09","20","21:00"
"-133.00","69.45","TUKTOYAKTUK","2203910","1992-09-20 22:00","1992","09","20","22:00"
"-133.00","69.45","TUKTOYAKTUK","2203910","1992-09-20 23:00","1992","09","20","23:00"
"-133.00","69.45","TUKTOYAKTUK","2203910","1992-09-21 00:00","1992","09","21","00:00","-6.0","","-6.8","","94","","20","","11","","16.1","","101.75","","","","-11","","Snow"
"-133.00","69.45","TUKTOYAKTUK","2203910","1992-09-21 01:00","1992","09","21","01:00"
"-133.00","69.45","TUKTOYAKTUK","2203910","1992-09-21 02:00","1992","09","21","02:00"
"-133.00","69.45","TUKTOYAKTUK","2203910","1992-09-21 03:00","1992","09","21","03:00"
"-133.00","69.45","TUKTOYAKTUK","2203910","1992-09-21 04:00","1992","09","21","04:00"
"-133.00","69.45","TUKTOYAKTUK","2203910","1992-09-21 05:00","1992","09","21","05:00"
"-133.00","69.45","TUKTOYAKTUK","2203910","1992-09-21 06:00","1992","09","21","06:00","-4.5","","-5.1","","95","","36","","15","","16.1","","101.75","","","","-10","","Snow"
"-133.00","69.45","TUKTOYAKTUK","2203910","1992-09-21 07:00","1992","09","21","07:00"
"-133.00","69.45","TUKTOYAKTUK","2203910","1992-09-21 08:00","1992","09","21","08:00"
"-133.00","69.45","TUKTOYAKTUK","2203910","1992-09-21 09:00","1992","09","21","09:00"
"-133.00","69.45","TUKTOYAKTUK","2203910","1992-09-21 10:00","1992","09","21","10:00"
"-133.00","69.45","TUKTOYAKTUK","2203910","1992-09-21 11:00","1992","09","21","11:00"
"-133.00","69.45","TUKTOYAKTUK","2203910","1992-09-21 12:00","1992","09","21","12:00","-4.2","","-6.3","","86","","28","","19","","19.3","","101.72","","","","-10","","Snow"
"-133.00","69.45","TUKTOYAKTUK","2203910","1992-09-21 13:00","1992","09","21","13:00"
"-133.00","69.45","TUKTOYAKTUK","2203910","1992-09-21 14:00","1992","09","21","14:00"
"-133.00","69.45","TUKTOYAKTUK","2203910","1992-09-21 15:00","1992","09","21","15:00"
"-133.00","69.45","TUKTOYAKTUK","2203910","1992-09-21 16:00","1992","09","21","16:00"
"-133.00","69.45","TUKTOYAKTUK","2203910","1992-09-21 17:00","1992","09","21","17:00"
"-133.00","69.45","TUKTOYAKTUK","2203910","1992-09-21 18:00","1992","09","21","18:00","-3.9","","-5.4","","89","","29","","30","","24.1","","101.69","","","","-12","","Cloudy"
"-133.00","69.45","TUKTOYAKTUK","2203910","1992-09-21 19:00","1992","09","21","19:00"
"-133.00","69.45","TUKTOYAKTUK","2203910","1992-09-21 20:00","1992","09","21","20:00"
"-133.00","69.45","TUKTOYAKTUK","2203910","1992-09-21 21:00","1992","09","21","21:00"
"-133.00","69.45","TUKTOYAKTUK","2203910","1992-09-21 22:00","1992","09","21","22:00"
"-133.00","69.45","TUKTOYAKTUK","2203910","1992-09-21 23:00","1992","09","21","23:00"
"-133.00","69.45","TUKTOYAKTUK","2203910","1992-09-22 00:00","1992","09","22","00:00","-4.5","","-5.1","","95","","33","","19","","24.1","","101.65","","","","-11","","Snow"
"-133.00","69.45","TUKTOYAKTUK","2203910","1992-09-22 01:00","1992","09","22","01:00"
"-133.00","69.45","TUKTOYAKTUK","2203910","1992-09-22 02:00","1992","09","22","02:00"
"-133.00","69.45","TUKTOYAKTUK","2203910","1992-09-22 03:00","1992","09","22","03:00"
"-133.00","69.45","TUKTOYAKTUK","2203910","1992-09-22 04:00","1992","09","22","04:00"
"-133.00","69.45","TUKTOYAKTUK","2203910","1992-09-22 05:00","1992","09","22","05:00"
"-133.00","69.45","TUKTOYAKTUK","2203910","1992-09-22 06:00","1992","09","22","06:00","-4.3","","-5.1","","94","","30","","26","","24.1","","101.62","","","","-12","","Cloudy"
"-133.00","69.45","TUKTOYAKTUK","2203910","1992-09-22 07:00","1992","09","22","07:00"
"-133.00","69.45","TUKTOYAKTUK","2203910","1992-09-22 08:00","1992","09","22","08:00"
"-133.00","69.45","TUKTOYAKTUK","2203910","1992-09-22 09:00","1992","09","22","09:00"
"-133.00","69.45","TUKTOYAKTUK","2203910","1992-09-22 10:00","1992","09","22","10:00"
"-133.00","69.45","TUKTOYAKTUK","2203910","1992-09-22 11:00","1992","09","22","11:00"
"-133.00","69.45","TUKTOYAKTUK","2203910","1992-09-22 12:00","1992","09","22","12:00","-3.8","","-5.4","","89","","32","","19","","19.3","","101.45","","","","-10","","Snow"
"-133.00","69.45","TUKTOYAKTUK","2203910","1992-09-22 13:00","1992","09","22","13:00"
"-133.00","69.45","TUKTOYAKTUK","2203910","1992-09-22 14:00","1992","09","22","14:00"
"-133.00","69.45","TUKTOYAKTUK","2203910","1992-09-22 15:00","1992","09","22","15:00"
"-133.00","69.45","TUKTOYAKTUK","2203910","1992-09-22 16:00","1992","09","22","16:00"
"-133.00","69.45","TUKTOYAKTUK","2203910","1992-09-22 17:00","1992","09","22","17:00"
"-133.00","69.45","TUKTOYAKTUK","2203910","1992-09-22 18:00","1992","09","22","18:00","-2.9","","-3.9","","93","","28","","46","","3.2","","101.25","","","","-12","","Snow Showers,Blowing Snow"
"-133.00","69.45","TUKTOYAKTUK","2203910","1992-09-22 19:00","1992","09","22","19:00"
"-133.00","69.45","TUKTOYAKTUK","2203910","1992-09-22 20:00","1992","09","22","20:00"
"-133.00","69.45","TUKTOYAKTUK","2203910","1992-09-22 21:00","1992","09","22","21:00"
"-133.00","69.45","TUKTOYAKTUK","2203910","1992-09-22 22:00","1992","09","22","22:00"
"-133.00","69.45","TUKTOYAKTUK","2203910","1992-09-22 23:00","1992","09","22","23:00"
"-133.00","69.45","TUKTOYAKTUK","2203910","1992-09-23 00:00","1992","09","23","00:00","-2.5","","-2.8","","98","","29","","46","","9.7","","101.04","","","","-11","","Blowing Snow"
"-133.00","69.45","TUKTOYAKTUK","2203910","1992-09-23 01:00","1992","09","23","01:00"
"-133.00","69.45","TUKTOYAKTUK","2203910","1992-09-23 02:00","1992","09","23","02:00"
"-133.00","69.45","TUKTOYAKTUK","2203910","1992-09-23 03:00","1992","09","23","03:00"
"-133.00","69.45","TUKTOYAKTUK","2203910","1992-09-23 04:00","1992","09","23","04:00"
"-133.00","69.45","TUKTOYAKTUK","2203910","1992-09-23 05:00","1992","09","23","05:00"
"-133.00","69.45","TUKTOYAKTUK","2203910","1992-09-23 06:00","1992","09","23","06:00","-3.1","","-3.4","","98","","29","","37","","24.1","","100.98","","","","-11","","Cloudy"
"-133.00","69.45","TUKTOYAKTUK","2203910","1992-09-23 07:00","1992","09","23","07:00"
"-133.00","69.45","TUKTOYAKTUK","2203910","1992-09-23 08:00","1992","09","23","08:00"
"-133.00","69.45","TUKTOYAKTUK","2203910","1992-09-23 09:00","1992","09","23","09:00"
"-133.00","69.45","TUKTOYAKTUK","2203910","1992-09-23 10:00","1992","09","23","10:00"
"-133.00","69.45","TUKTOYAKTUK","2203910","1992-09-23 11:00","1992","09","23","11:00"
"-133.00","69.45","TUKTOYAKTUK","2203910","1992-09-23 12:00","1992","09","23","12:00","-3.0","","-3.4","","97","","30","","37","","9.7","","100.88","","","","-11","","Snow Showers"
"-133.00","69.45","TUKTOYAKTUK","2203910","1992-09-23 13:00","1992","09","23","13:00"
"-133.00","69.45","TUKTOYAKTUK","2203910","1992-09-23 14:00","1992","09","23","14:00"
"-133.00","69.45","TUKTOYAKTUK","2203910","1992-09-23 15:00","1992","09","23","15:00"
"-133.00","69.45","TUKTOYAKTUK","2203910","1992-09-23 16:00","1992","09","23","16:00"
"-133.00","69.45","TUKTOYAKTUK","2203910","1992-09-23 17:00","1992","09","23","17:00"
"-133.00","69.45","TUKTOYAKTUK","2203910","1992-09-23 18:00","1992","09","23","18:00","-3.4","","-4.5","","92","","31","","37","","16.1","","100.88","","","","-12","","Snow"
"-133.00","69.45","TUKTOYAKTUK","2203910","1992-09-23 19:00","1992","09","23","19:00"
"-133.00","69.45","TUKTOYAKTUK","2203910","1992-09-23 20:00","1992","09","23","20:00"
"-133.00","69.45","TUKTOYAKTUK","2203910","1992-09-23 21:00","1992","09","23","21:00"
"-133.00","69.45","TUKTOYAKTUK","2203910","1992-09-23 22:00","1992","09","23","22:00"
"-133.00","69.45","TUKTOYAKTUK","2203910","1992-09-23 23:00","1992","09","23","23:00"
"-133.00","69.45","TUKTOYAKTUK","2203910","1992-09-24 00:00","1992","09","24","00:00","-6.0","","-6.8","","94","","2","","7","","9.7","","100.91","","","","-9","","Snow"
"-133.00","69.45","TUKTOYAKTUK","2203910","1992-09-24 01:00","1992","09","24","01:00"
"-133.00","69.45","TUKTOYAKTUK","2203910","1992-09-24 02:00","1992","09","24","02:00"
"-133.00","69.45","TUKTOYAKTUK","2203910","1992-09-24 03:00","1992","09","24","03:00"
"-133.00","69.45","TUKTOYAKTUK","2203910","1992-09-24 04:00","1992","09","24","04:00"
"-133.00","69.45","TUKTOYAKTUK","2203910","1992-09-24 05:00","1992","09","24","05:00"
"-133.00","69.45","TUKTOYAKTUK","2203910","1992-09-24 06:00","1992","09","24","06:00","-6.0","","-7.4","","90","","15","","6","","24.1","","100.88","","","","-9","","Cloudy"
"-133.00","69.45","TUKTOYAKTUK","2203910","1992-09-24 07:00","1992","09","24","07:00"
"-133.00","69.45","TUKTOYAKTUK","2203910","1992-09-24 08:00","1992","09","24","08:00"
"-133.00","69.45","TUKTOYAKTUK","2203910","1992-09-24 09:00","1992","09","24","09:00"
"-133.00","69.45","TUKTOYAKTUK","2203910","1992-09-24 10:00","1992","09","24","10:00"
"-133.00","69.45","TUKTOYAKTUK","2203910","1992-09-24 11:00","1992","09","24","11:00"
"-133.00","69.45","TUKTOYAKTUK","2203910","1992-09-24 12:00","1992","09","24","12:00","-4.5","","-6.6","","85","","27","","35","","19.3","","100.77","","","","-13","","Snow"
"-133.00","69.45","TUKTOYAKTUK","2203910","1992-09-24 13:00","1992","09","24","13:00"
"-133.00","69.45","TUKTOYAKTUK","2203910","1992-09-24 14:00","1992","09","24","14:00"
"-133.00","69.45","TUKTOYAKTUK","2203910","1992-09-24 15:00","1992","09","24","15:00"
"-133.00","69.45","TUKTOYAKTUK","2203910","1992-09-24 16:00","1992","09","24","16:00"
"-133.00","69.45","TUKTOYAKTUK","2203910","1992-09-24 17:00","1992","09","24","17:00"
"-133.00","69.45","TUKTOYAKTUK","2203910","1992-09-24 18:00","1992","09","24","18:00","-5.0","","-6.3","","91","","32","","26","","24.1","","100.91","","","","-12","","Cloudy"
"-133.00","69.45","TUKTOYAKTUK","2203910","1992-09-24 19:00","1992","09","24","19:00"
"-133.00","69.45","TUKTOYAKTUK","2203910","1992-09-24 20:00","1992","09","24","20:00"
"-133.00","69.45","TUKTOYAKTUK","2203910","1992-09-24 21:00","1992","09","24","21:00"
"-133.00","69.45","TUKTOYAKTUK","2203910","1992-09-24 22:00","1992","09","24","22:00"
"-133.00","69.45","TUKTOYAKTUK","2203910","1992-09-24 23:00","1992","09","24","23:00"
"-133.00","69.45","TUKTOYAKTUK","2203910","1992-09-25 00:00","1992","09","25","00:00","-7.3","","-8.4","","92","","28","","26","","24.1","","101.21","","","","-15","","Cloudy"
"-133.00","69.45","TUKTOYAKTUK","2203910","1992-09-25 01:00","1992","09","25","01:00"
"-133.00","69.45","TUKTOYAKTUK","2203910","1992-09-25 02:00","1992","09","25","02:00"
"-133.00","69.45","TUKTOYAKTUK","2203910","1992-09-25 03:00","1992","09","25","03:00"
"-133.00","69.45","TUKTOYAKTUK","2203910","1992-09-25 04:00","1992","09","25","04:00"
"-133.00","69.45","TUKTOYAKTUK","2203910","1992-09-25 05:00","1992","09","25","05:00"
"-133.00","69.45","TUKTOYAKTUK","2203910","1992-09-25 06:00","1992","09","25","06:00","-7.5","","-9.9","","83","","28","","26","","24.1","","101.38","","","","-16","","Snow"
"-133.00","69.45","TUKTOYAKTUK","2203910","1992-09-25 07:00","1992","09","25","07:00"
"-133.00","69.45","TUKTOYAKTUK","2203910","1992-09-25 08:00","1992","09","25","08:00"
"-133.00","69.45","TUKTOYAKTUK","2203910","1992-09-25 09:00","1992","09","25","09:00"
"-133.00","69.45","TUKTOYAKTUK","2203910","1992-09-25 10:00","1992","09","25","10:00"
"-133.00","69.45","TUKTOYAKTUK","2203910","1992-09-25 11:00","1992","09","25","11:00"
"-133.00","69.45","TUKTOYAKTUK","2203910","1992-09-25 12:00","1992","09","25","12:00","-6.8","","-8.9","","85","","20","","15","","24.1","","101.55","","","","-13","","Snow"
"-133.00","69.45","TUKTOYAKTUK","2203910","1992-09-25 13:00","1992","09","25","13:00"
"-133.00","69.45","TUKTOYAKTUK","2203910","1992-09-25 14:00","1992","09","25","14:00"
"-133.00","69.45","TUKTOYAKTUK","2203910","1992-09-25 15:00","1992","09","25","15:00"
"-133.00","69.45","TUKTOYAKTUK","2203910","1992-09-25 16:00","1992","09","25","16:00"
"-133.00","69.45","TUKTOYAKTUK","2203910","1992-09-25 17:00","1992","09","25","17:00"
"-133.00","69.45","TUKTOYAKTUK","2203910","1992-09-25 18:00","1992","09","25","18:00","-5.2","","-6.6","","90","","29","","6","","24.1","","101.65","","","","-8","","Cloudy"
"-133.00","69.45","TUKTOYAKTUK","2203910","1992-09-25 19:00","1992","09","25","19:00"
"-133.00","69.45","TUKTOYAKTUK","2203910","1992-09-25 20:00","1992","09","25","20:00"
"-133.00","69.45","TUKTOYAKTUK","2203910","1992-09-25 21:00","1992","09","25","21:00"
"-133.00","69.45","TUKTOYAKTUK","2203910","1992-09-25 22:00","1992","09","25","22:00"
"-133.00","69.45","TUKTOYAKTUK","2203910","1992-09-25 23:00","1992","09","25","23:00"
"-133.00","69.45","TUKTOYAKTUK","2203910","1992-09-26 00:00","1992","09","26","00:00","-4.2","","-4.5","","98","","27","","22","","24.1","","101.65","","","","-11","","Cloudy"
"-133.00","69.45","TUKTOYAKTUK","2203910","1992-09-26 01:00","1992","09","26","01:00"
"-133.00","69.45","TUKTOYAKTUK","2203910","1992-09-26 02:00","1992","09","26","02:00"
"-133.00","69.45","TUKTOYAKTUK","2203910","1992-09-26 03:00","1992","09","26","03:00"
"-133.00","69.45","TUKTOYAKTUK","2203910","1992-09-26 04:00","1992","09","26","04:00"
"-133.00","69.45","TUKTOYAKTUK","2203910","1992-09-26 05:00","1992","09","26","05:00"
"-133.00","69.45","TUKTOYAKTUK","2203910","1992-09-26 06:00","1992","09","26","06:00","-5.5","","-7.1","","88","","30","","22","","24.1","","101.65","","","","-13","","Cloudy"
"-133.00","69.45","TUKTOYAKTUK","2203910","1992-09-26 07:00","1992","09","26","07:00"
"-133.00","69.45","TUKTOYAKTUK","2203910","1992-09-26 08:00","1992","09","26","08:00"
"-133.00","69.45","TUKTOYAKTUK","2203910","1992-09-26 09:00","1992","09","26","09:00"
"-133.00","69.45","TUKTOYAKTUK","2203910","1992-09-26 10:00","1992","09","26","10:00"
"-133.00","69.45","TUKTOYAKTUK","2203910","1992-09-26 11:00","1992","09","26","11:00"
"-133.00","69.45","TUKTOYAKTUK","2203910","1992-09-26 12:00","1992","09","26","12:00","-5.8","","-7.7","","86","","27","","15","","24.1","","101.75","","","","-12","","Snow"
"-133.00","69.45","TUKTOYAKTUK","2203910","1992-09-26 13:00","1992","09","26","13:00"
"-133.00","69.45","TUKTOYAKTUK","2203910","1992-09-26 14:00","1992","09","26","14:00"
"-133.00","69.45","TUKTOYAKTUK","2203910","1992-09-26 15:00","1992","09","26","15:00"
"-133.00","69.45","TUKTOYAKTUK","2203910","1992-09-26 16:00","1992","09","26","16:00"
"-133.00","69.45","TUKTOYAKTUK","2203910","1992-09-26 17:00","1992","09","26","17:00"
"-133.00","69.45","TUKTOYAKTUK","2203910","1992-09-26 18:00","1992","09","26","18:00","-5.3","","-6.2","","93","","28","","19","","24.1","","101.75","","","","-12","","Cloudy"
"-133.00","69.45","TUKTOYAKTUK","2203910","1992-09-26 19:00","1992","09","26","19:00"
"-133.00","69.45","TUKTOYAKTUK","2203910","1992-09-26 20:00","1992","09","26","20:00"
"-133.00","69.45","TUKTOYAKTUK","2203910","1992-09-26 21:00","1992","09","26","21:00"
"-133.00","69.45","TUKTOYAKTUK","2203910","1992-09-26 22:00","1992","09","26","22:00"
"-133.00","69.45","TUKTOYAKTUK","2203910","1992-09-26 23:00","1992","09","26","23:00"
"-133.00","69.45","TUKTOYAKTUK","2203910","1992-09-27 00:00","1992","09","27","00:00","-5.3","","-6.2","","93","","27","","24","","24.1","","101.72","","","","-13","","Snow"
"-133.00","69.45","TUKTOYAKTUK","2203910","1992-09-27 01:00","1992","09","27","01:00"
"-133.00","69.45","TUKTOYAKTUK","2203910","1992-09-27 02:00","1992","09","27","02:00"
"-133.00","69.45","TUKTOYAKTUK","2203910","1992-09-27 03:00","1992","09","27","03:00"
"-133.00","69.45","TUKTOYAKTUK","2203910","1992-09-27 04:00","1992","09","27","04:00"
"-133.00","69.45","TUKTOYAKTUK","2203910","1992-09-27 05:00","1992","09","27","05:00"
"-133.00","69.45","TUKTOYAKTUK","2203910","1992-09-27 06:00","1992","09","27","06:00","-7.2","","-8.9","","88","","29","","28","","24.1","","101.79","","","","-16","","Snow"
"-133.00","69.45","TUKTOYAKTUK","2203910","1992-09-27 07:00","1992","09","27","07:00"
"-133.00","69.45","TUKTOYAKTUK","2203910","1992-09-27 08:00","1992","09","27","08:00"
"-133.00","69.45","TUKTOYAKTUK","2203910","1992-09-27 09:00","1992","09","27","09:00"
"-133.00","69.45","TUKTOYAKTUK","2203910","1992-09-27 10:00","1992","09","27","10:00"
"-133.00","69.45","TUKTOYAKTUK","2203910","1992-09-27 11:00","1992","09","27","11:00"
"-133.00","69.45","TUKTOYAKTUK","2203910","1992-09-27 12:00","1992","09","27","12:00","-6.5","","-8.2","","87","","28","","19","","9.7","","101.82","","","","-13","","Snow"
"-133.00","69.45","TUKTOYAKTUK","2203910","1992-09-27 13:00","1992","09","27","13:00"
"-133.00","69.45","TUKTOYAKTUK","2203910","1992-09-27 14:00","1992","09","27","14:00"
"-133.00","69.45","TUKTOYAKTUK","2203910","1992-09-27 15:00","1992","09","27","15:00"
"-133.00","69.45","TUKTOYAKTUK","2203910","1992-09-27 16:00","1992","09","27","16:00"
"-133.00","69.45","TUKTOYAKTUK","2203910","1992-09-27 17:00","1992","09","27","17:00"
"-133.00","69.45","TUKTOYAKTUK","2203910","1992-09-27 18:00","1992","09","27","18:00","-7.5","","-8.4","","93","","31","","7","","12.9","","101.82","","","","-11","","Snow"
"-133.00","69.45","TUKTOYAKTUK","2203910","1992-09-27 19:00","1992","09","27","19:00"
"-133.00","69.45","TUKTOYAKTUK","2203910","1992-09-27 20:00","1992","09","27","20:00"
"-133.00","69.45","TUKTOYAKTUK","2203910","1992-09-27 21:00","1992","09","27","21:00"
"-133.00","69.45","TUKTOYAKTUK","2203910","1992-09-27 22:00","1992","09","27","22:00"
"-133.00","69.45","TUKTOYAKTUK","2203910","1992-09-27 23:00","1992","09","27","23:00"
"-133.00","69.45","TUKTOYAKTUK","2203910","1992-09-28 00:00","1992","09","28","00:00","-7.4","","-8.4","","93","","36","","9","","24.1","","101.79","","","","-12","","Cloudy"
"-133.00","69.45","TUKTOYAKTUK","2203910","1992-09-28 01:00","1992","09","28","01:00"
"-133.00","69.45","TUKTOYAKTUK","2203910","1992-09-28 02:00","1992","09","28","02:00"
"-133.00","69.45","TUKTOYAKTUK","2203910","1992-09-28 03:00","1992","09","28","03:00"
"-133.00","69.45","TUKTOYAKTUK","2203910","1992-09-28 04:00","1992","09","28","04:00"
"-133.00","69.45","TUKTOYAKTUK","2203910","1992-09-28 05:00","1992","09","28","05:00"
"-133.00","69.45","TUKTOYAKTUK","2203910","1992-09-28 06:00","1992","09","28","06:00","-8.1","","-10.8","","81","","2","","15","","24.1","","101.75","","","","-14","","Cloudy"
"-133.00","69.45","TUKTOYAKTUK","2203910","1992-09-28 07:00","1992","09","28","07:00"
"-133.00","69.45","TUKTOYAKTUK","2203910","1992-09-28 08:00","1992","09","28","08:00"
"-133.00","69.45","TUKTOYAKTUK","2203910","1992-09-28 09:00","1992","09","28","09:00"
"-133.00","69.45","TUKTOYAKTUK","2203910","1992-09-28 10:00","1992","09","28","10:00"
"-133.00","69.45","TUKTOYAKTUK","2203910","1992-09-28 11:00","1992","09","28","11:00"
"-133.00","69.45","TUKTOYAKTUK","2203910","1992-09-28 12:00","1992","09","28","12:00","-7.0","","-9.3","","84","","","","0","","24.1","","101.72","","","","","","Cloudy"
"-133.00","69.45","TUKTOYAKTUK","2203910","1992-09-28 13:00","1992","09","28","13:00"
"-133.00","69.45","TUKTOYAKTUK","2203910","1992-09-28 14:00","1992","09","28","14:00"
"-133.00","69.45","TUKTOYAKTUK","2203910","1992-09-28 15:00","1992","09","28","15:00"
"-133.00","69.45","TUKTOYAKTUK","2203910","1992-09-28 16:00","1992","09","28","16:00"
"-133.00","69.45","TUKTOYAKTUK","2203910","1992-09-28 17:00","1992","09","28","17:00"
"-133.00","69.45","TUKTOYAKTUK","2203910","1992-09-28 18:00","1992","09","28","18:00","-6.6","","-7.3","","95","","8","","7","","24.1","","101.75","","","","-10","","Cloudy"
"-133.00","69.45","TUKTOYAKTUK","2203910","1992-09-28 19:00","1992","09","28","19:00"
"-133.00","69.45","TUKTOYAKTUK","2203910","1992-09-28 20:00","1992","09","28","20:00"
"-133.00","69.45","TUKTOYAKTUK","2203910","1992-09-28 21:00","1992","09","28","21:00"
"-133.00","69.45","TUKTOYAKTUK","2203910","1992-09-28 22:00","1992","09","28","22:00"
"-133.00","69.45","TUKTOYAKTUK","2203910","1992-09-28 23:00","1992","09","28","23:00"
"-133.00","69.45","TUKTOYAKTUK","2203910","1992-09-29 00:00","1992","09","29","00:00","-7.4","","-8.4","","93","","6","","9","","24.1","","101.72","","","","-12","","Cloudy"
"-133.00","69.45","TUKTOYAKTUK","2203910","1992-09-29 01:00","1992","09","29","01:00"
"-133.00","69.45","TUKTOYAKTUK","2203910","1992-09-29 02:00","1992","09","29","02:00"
"-133.00","69.45","TUKTOYAKTUK","2203910","1992-09-29 03:00","1992","09","29","03:00"
"-133.00","69.45","TUKTOYAKTUK","2203910","1992-09-29 04:00","1992","09","29","04:00"
"-133.00","69.45","TUKTOYAKTUK","2203910","1992-09-29 05:00","1992","09","29","05:00"
"-133.00","69.45","TUKTOYAKTUK","2203910","1992-09-29 06:00","1992","09","29","06:00","-7.8","","-10.1","","83","","5","","19","","24.1","","101.48","","","","-15","","Cloudy"
"-133.00","69.45","TUKTOYAKTUK","2203910","1992-09-29 07:00","1992","09","29","07:00"
"-133.00","69.45","TUKTOYAKTUK","2203910","1992-09-29 08:00","1992","09","29","08:00"
"-133.00","69.45","TUKTOYAKTUK","2203910","1992-09-29 09:00","1992","09","29","09:00"
"-133.00","69.45","TUKTOYAKTUK","2203910","1992-09-29 10:00","1992","09","29","10:00"
"-133.00","69.45","TUKTOYAKTUK","2203910","1992-09-29 11:00","1992","09","29","11:00"
"-133.00","69.45","TUKTOYAKTUK","2203910","1992-09-29 12:00","1992","09","29","12:00","-7.5","","-9.1","","88","","4","","30","","9.7","","101.18","","","","-16","","Snow"
"-133.00","69.45","TUKTOYAKTUK","2203910","1992-09-29 13:00","1992","09","29","13:00"
"-133.00","69.45","TUKTOYAKTUK","2203910","1992-09-29 14:00","1992","09","29","14:00"
"-133.00","69.45","TUKTOYAKTUK","2203910","1992-09-29 15:00","1992","09","29","15:00"
"-133.00","69.45","TUKTOYAKTUK","2203910","1992-09-29 16:00","1992","09","29","16:00"
"-133.00","69.45","TUKTOYAKTUK","2203910","1992-09-29 17:00","1992","09","29","17:00"
"-133.00","69.45","TUKTOYAKTUK","2203910","1992-09-29 18:00","1992","09","29","18:00","-5.5","","-6.2","","95","","3","","31","","2.4","","100.67","","","","-14","","Blowing Snow"
"-133.00","69.45","TUKTOYAKTUK","2203910","1992-09-29 19:00","1992","09","29","19:00"
"-133.00","69.45","TUKTOYAKTUK","2203910","1992-09-29 20:00","1992","09","29","20:00"
"-133.00","69.45","TUKTOYAKTUK","2203910","1992-09-29 21:00","1992","09","29","21:00"
"-133.00","69.45","TUKTOYAKTUK","2203910","1992-09-29 22:00","1992","09","29","22:00"
"-133.00","69.45","TUKTOYAKTUK","2203910","1992-09-29 23:00","1992","09","29","23:00"
"-133.00","69.45","TUKTOYAKTUK","2203910","1992-09-30 00:00","1992","09","30","00:00","-4.1","","-4.5","","97","","6","","30","","9.7","","100.50","","","","-12","","Blowing Snow"
"-133.00","69.45","TUKTOYAKTUK","2203910","1992-09-30 01:00","1992","09","30","01:00"
"-133.00","69.45","TUKTOYAKTUK","2203910","1992-09-30 02:00","1992","09","30","02:00"
"-133.00","69.45","TUKTOYAKTUK","2203910","1992-09-30 03:00","1992","09","30","03:00"
"-133.00","69.45","TUKTOYAKTUK","2203910","1992-09-30 04:00","1992","09","30","04:00"
"-133.00","69.45","TUKTOYAKTUK","2203910","1992-09-30 05:00","1992","09","30","05:00"
"-133.00","69.45","TUKTOYAKTUK","2203910","1992-09-30 06:00","1992","09","30","06:00","-4.3","","-6.6","","84","","6","","30","","24.1","","100.44","","","","-12","","Cloudy"
"-133.00","69.45","TUKTOYAKTUK","2203910","1992-09-30 07:00","1992","09","30","07:00"
"-133.00","69.45","TUKTOYAKTUK","2203910","1992-09-30 08:00","1992","09","30","08:00"
"-133.00","69.45","TUKTOYAKTUK","2203910","1992-09-30 09:00","1992","09","30","09:00"
"-133.00","69.45","TUKTOYAKTUK","2203910","1992-09-30 10:00","1992","09","30","10:00"
"-133.00","69.45","TUKTOYAKTUK","2203910","1992-09-30 11:00","1992","09","30","11:00"
"-133.00","69.45","TUKTOYAKTUK","2203910","1992-09-30 12:00","1992","09","30","12:00","-4.6","","-6.0","","90","","5","","22","","16.1","","100.40","","","","-11","","Cloudy"
"-133.00","69.45","TUKTOYAKTUK","2203910","1992-09-30 13:00","1992","09","30","13:00"
"-133.00","69.45","TUKTOYAKTUK","2203910","1992-09-30 14:00","1992","09","30","14:00"
"-133.00","69.45","TUKTOYAKTUK","2203910","1992-09-30 15:00","1992","09","30","15:00"
"-133.00","69.45","TUKTOYAKTUK","2203910","1992-09-30 16:00","1992","09","30","16:00"
"-133.00","69.45","TUKTOYAKTUK","2203910","1992-09-30 17:00","1992","09","30","17:00"
"-133.00","69.45","TUKTOYAKTUK","2203910","1992-09-30 18:00","1992","09","30","18:00","-3.6","","-4.0","","97","","6","","20","","24.1","","100.50","","","","-10","","Cloudy"
"-133.00","69.45","TUKTOYAKTUK","2203910","1992-09-30 19:00","1992","09","30","19:00"
"-133.00","69.45","TUKTOYAKTUK","2203910","1992-09-30 20:00","1992","09","30","20:00"
"-133.00","69.45","TUKTOYAKTUK","2203910","1992-09-30 21:00","1992","09","30","21:00"
"-133.00","69.45","TUKTOYAKTUK","2203910","1992-09-30 22:00","1992","09","30","22:00"
"-133.00","69.45","TUKTOYAKTUK","2203910","1992-09-30 23:00","1992","09","30","23:00"
