"Longitude (x)","Latitude (y)","Station Name","Climate ID","Date/Time (LST)","Year","Month","Day","Time (LST)","Temp (°C)","Temp Flag","Dew Point Temp (°C)","Dew Point Temp Flag","Rel Hum (%)","Rel Hum Flag","Precip. Amount (mm)","Precip. Amount Flag","Wind Dir (10s deg)","Wind Dir Flag","Wind Spd (km/h)","Wind Spd Flag","Visibility (km)","Visibility Flag","Stn Press (kPa)","Stn Press Flag","Hmdx","Hmdx Flag","Wind Chill","Wind Chill Flag","Weather"
"-133.50","68.75","TRAIL VALLEY","220N005","2012-08-01 00:00","2012","08","01","00:00","13.6","","","M","","M","","","28","","9","","","","99.67","","","","","","NA"
"-133.50","68.75","TRAIL VALLEY","220N005","2012-08-01 01:00","2012","08","01","01:00","12.9","","","M","","M","","","28","","9","","","","99.68","","","","","","NA"
"-133.50","68.75","TRAIL VALLEY","220N005","2012-08-01 02:00","2012","08","01","02:00","12.5","","","M","","M","","","31","","9","","","","99.72","","","","","","NA"
"-133.50","68.75","TRAIL VALLEY","220N005","2012-08-01 03:00","2012","08","01","03:00","12.1","","","M","","M","","","29","","11","","","","99.74","","","","","","NA"
"-133.50","68.75","TRAIL VALLEY","220N005","2012-08-01 04:00","2012","08","01","04:00","12.0","","","M","","M","","","33","","7","","","","99.74","","","","","","NA"
"-133.50","68.75","TRAIL VALLEY","220N005","2012-08-01 05:00","2012","08","01","05:00","11.8","","","M","","M","","","29","","7","","","","99.77","","","","","","NA"
"-133.50","68.75","TRAIL VALLEY","220N005","2012-08-01 06:00","2012","08","01","06:00","11.9","","","M","","M","","","28","","9","","","","99.79","","","","","","NA"
"-133.50","68.75","TRAIL VALLEY","220N005","2012-08-01 07:00","2012","08","01","07:00","11.9","","","M","","M","","","26","","11","","","","99.80","","","","","","NA"
"-133.50","68.75","TRAIL VALLEY","220N005","2012-08-01 08:00","2012","08","01","08:00","12.3","","","M","","M","","","24","","7","","","","99.82","","","","","","NA"
"-133.50","68.75","TRAIL VALLEY","220N005","2012-08-01 09:00","2012","08","01","09:00","12.5","","","M","","M","","","24","","6","","","","99.84","","","","","","NA"
"-133.50","68.75","TRAIL VALLEY","220N005","2012-08-01 10:00","2012","08","01","10:00","13.3","","","M","","M","","","24","","7","","","","99.85","","","","","","NA"
"-133.50","68.75","TRAIL VALLEY","220N005","2012-08-01 11:00","2012","08","01","11:00","13.6","","","M","","M","","","23","","9","","","","99.85","","","","","","NA"
"-133.50","68.75","TRAIL VALLEY","220N005","2012-08-01 12:00","2012","08","01","12:00","14.2","","","M","","M","","","21","","13","","","","99.88","","","","","","NA"
"-133.50","68.75","TRAIL VALLEY","220N005","2012-08-01 13:00","2012","08","01","13:00","14.4","","","M","","M","","","21","","13","","","","99.90","","","","","","NA"
"-133.50","68.75","TRAIL VALLEY","220N005","2012-08-01 14:00","2012","08","01","14:00","15.2","","","M","","M","","","20","","15","","","","99.90","","","","","","NA"
"-133.50","68.75","TRAIL VALLEY","220N005","2012-08-01 15:00","2012","08","01","15:00","15.9","","","M","","M","","","21","","15","","","","99.90","","","","","","NA"
"-133.50","68.75","TRAIL VALLEY","220N005","2012-08-01 16:00","2012","08","01","16:00","16.5","","","M","","M","","","19","","11","","","","99.90","","","","","","NA"
"-133.50","68.75","TRAIL VALLEY","220N005","2012-08-01 17:00","2012","08","01","17:00","16.9","","","M","","M","","","17","","11","","","","99.89","","","","","","NA"
"-133.50","68.75","TRAIL VALLEY","220N005","2012-08-01 18:00","2012","08","01","18:00","17.1","","","M","","M","","","15","","11","","","","99.88","","","","","","NA"
"-133.50","68.75","TRAIL VALLEY","220N005","2012-08-01 19:00","2012","08","01","19:00","17.3","","","M","","M","","","17","","9","","","","99.84","","","","","","NA"
"-133.50","68.75","TRAIL VALLEY","220N005","2012-08-01 20:00","2012","08","01","20:00","17.9","","","M","","M","","","15","","9","","","","99.79","","","","","","NA"
"-133.50","68.75","TRAIL VALLEY","220N005","2012-08-01 21:00","2012","08","01","21:00","18.5","","","M","","M","","","14","","11","","","","99.76","","","","","","NA"
"-133.50","68.75","TRAIL VALLEY","220N005","2012-08-01 22:00","2012","08","01","22:00","17.2","","","M","","M","","","13","","11","","","","99.73","","","","","","NA"
"-133.50","68.75","TRAIL VALLEY","220N005","2012-08-01 23:00","2012","08","01","23:00","16.3","","","M","","M","","","13","","6","","","","99.71","","","","","","NA"
"-133.50","68.75","TRAIL VALLEY","220N005","2012-08-02 00:00","2012","08","02","00:00","14.6","","","M","","M","","","15","","17","","","","99.66","","","","","","NA"
"-133.50","68.75","TRAIL VALLEY","220N005","2012-08-02 01:00","2012","08","02","01:00","14.1","","","M","","M","","","13","","13","","","","99.62","","","","","","NA"
"-133.50","68.75","TRAIL VALLEY","220N005","2012-08-02 02:00","2012","08","02","02:00","13.2","","","M","","M","","","15","","11","","","","99.58","","","","","","NA"
"-133.50","68.75","TRAIL VALLEY","220N005","2012-08-02 03:00","2012","08","02","03:00","15.6","","","M","","M","","","17","","30","","","","99.60","","","","","","NA"
"-133.50","68.75","TRAIL VALLEY","220N005","2012-08-02 04:00","2012","08","02","04:00","14.4","","","M","","M","","","14","","11","","","","99.52","","","","","","NA"
"-133.50","68.75","TRAIL VALLEY","220N005","2012-08-02 05:00","2012","08","02","05:00","13.7","","","M","","M","","","13","","15","","","","99.48","","","","","","NA"
"-133.50","68.75","TRAIL VALLEY","220N005","2012-08-02 06:00","2012","08","02","06:00","13.4","","","M","","M","","","13","","11","","","","99.44","","","","","","NA"
"-133.50","68.75","TRAIL VALLEY","220N005","2012-08-02 07:00","2012","08","02","07:00","16.1","","","M","","M","","","13","","11","","","","99.37","","","","","","NA"
"-133.50","68.75","TRAIL VALLEY","220N005","2012-08-02 08:00","2012","08","02","08:00","17.2","","","M","","M","","","12","","9","","","","99.31","","","","","","NA"
"-133.50","68.75","TRAIL VALLEY","220N005","2012-08-02 09:00","2012","08","02","09:00","19.2","","","M","","M","","","14","","17","","","","99.26","","","","","","NA"
"-133.50","68.75","TRAIL VALLEY","220N005","2012-08-02 10:00","2012","08","02","10:00","20.6","","","M","","M","","","14","","13","","","","99.18","","","","","","NA"
"-133.50","68.75","TRAIL VALLEY","220N005","2012-08-02 11:00","2012","08","02","11:00","22.0","","","M","","M","","","14","","15","","","","99.12","","","","","","NA"
"-133.50","68.75","TRAIL VALLEY","220N005","2012-08-02 12:00","2012","08","02","12:00","22.1","","","M","","M","","","12","","13","","","","99.07","","","","","","NA"
"-133.50","68.75","TRAIL VALLEY","220N005","2012-08-02 13:00","2012","08","02","13:00","22.7","","","M","","M","","","11","","11","","","","99.04","","","","","","NA"
"-133.50","68.75","TRAIL VALLEY","220N005","2012-08-02 14:00","2012","08","02","14:00","23.5","","","M","","M","","","15","","13","","","","99.01","","","","","","NA"
"-133.50","68.75","TRAIL VALLEY","220N005","2012-08-02 15:00","2012","08","02","15:00","23.1","","","M","","M","","","17","","19","","","","99.01","","","","","","NA"
"-133.50","68.75","TRAIL VALLEY","220N005","2012-08-02 16:00","2012","08","02","16:00","19.8","","","M","","M","","","19","","24","","","","99.07","","","","","","NA"
"-133.50","68.75","TRAIL VALLEY","220N005","2012-08-02 17:00","2012","08","02","17:00","20.8","","","M","","M","","","23","","20","","","","99.02","","","","","","NA"
"-133.50","68.75","TRAIL VALLEY","220N005","2012-08-02 18:00","2012","08","02","18:00","20.6","","","M","","M","","","26","","4","","","","98.97","","","","","","NA"
"-133.50","68.75","TRAIL VALLEY","220N005","2012-08-02 19:00","2012","08","02","19:00","19.2","","","M","","M","","","17","","17","","","","99.01","","","","","","NA"
"-133.50","68.75","TRAIL VALLEY","220N005","2012-08-02 20:00","2012","08","02","20:00","18.1","","","M","","M","","","16","","13","","","","99.00","","","","","","NA"
"-133.50","68.75","TRAIL VALLEY","220N005","2012-08-02 21:00","2012","08","02","21:00"
"-133.50","68.75","TRAIL VALLEY","220N005","2012-08-02 22:00","2012","08","02","22:00","16.8","","","M","","M","","","28","","9","","","","98.97","","","","","","NA"
"-133.50","68.75","TRAIL VALLEY","220N005","2012-08-02 23:00","2012","08","02","23:00","14.3","","","M","","M","","","25","","13","","","","99.01","","","","","","NA"
"-133.50","68.75","TRAIL VALLEY","220N005","2012-08-03 00:00","2012","08","03","00:00","13.4","","","M","","M","","","24","","7","","","","99.02","","","","","","NA"
"-133.50","68.75","TRAIL VALLEY","220N005","2012-08-03 01:00","2012","08","03","01:00","12.6","","","M","","M","","","21","","7","","","","99.04","","","","","","NA"
"-133.50","68.75","TRAIL VALLEY","220N005","2012-08-03 02:00","2012","08","03","02:00","13.6","","","M","","M","","","19","","11","","","","99.04","","","","","","NA"
"-133.50","68.75","TRAIL VALLEY","220N005","2012-08-03 03:00","2012","08","03","03:00","12.0","","","M","","M","","","17","","17","","","","99.07","","","","","","NA"
"-133.50","68.75","TRAIL VALLEY","220N005","2012-08-03 04:00","2012","08","03","04:00","11.3","","","M","","M","","","22","","9","","","","99.08","","","","","","NA"
"-133.50","68.75","TRAIL VALLEY","220N005","2012-08-03 05:00","2012","08","03","05:00","10.9","","","M","","M","","","21","","11","","","","99.11","","","","","","NA"
"-133.50","68.75","TRAIL VALLEY","220N005","2012-08-03 06:00","2012","08","03","06:00","12.3","","","M","","M","","","22","","13","","","","99.13","","","","","","NA"
"-133.50","68.75","TRAIL VALLEY","220N005","2012-08-03 07:00","2012","08","03","07:00","14.2","","","M","","M","","","21","","11","","","","99.16","","","","","","NA"
"-133.50","68.75","TRAIL VALLEY","220N005","2012-08-03 08:00","2012","08","03","08:00","14.9","","","M","","M","","","22","","19","","","","99.16","","","","","","NA"
"-133.50","68.75","TRAIL VALLEY","220N005","2012-08-03 09:00","2012","08","03","09:00","16.6","","","M","","M","","","22","","19","","","","99.18","","","","","","NA"
"-133.50","68.75","TRAIL VALLEY","220N005","2012-08-03 10:00","2012","08","03","10:00","16.4","","","M","","M","","","23","","20","","","","99.23","","","","","","NA"
"-133.50","68.75","TRAIL VALLEY","220N005","2012-08-03 11:00","2012","08","03","11:00","15.6","","","M","","M","","","23","","30","","","","99.28","","","","","","NA"
"-133.50","68.75","TRAIL VALLEY","220N005","2012-08-03 12:00","2012","08","03","12:00","16.4","","","M","","M","","","23","","37","","","","99.32","","","","","","NA"
"-133.50","68.75","TRAIL VALLEY","220N005","2012-08-03 13:00","2012","08","03","13:00","15.2","","","M","","M","","","23","","32","","","","99.39","","","","","","NA"
"-133.50","68.75","TRAIL VALLEY","220N005","2012-08-03 14:00","2012","08","03","14:00","13.6","","","M","","M","","","24","","28","","","","99.46","","","","","","NA"
"-133.50","68.75","TRAIL VALLEY","220N005","2012-08-03 15:00","2012","08","03","15:00","14.3","","","M","","M","","","22","","33","","","","99.50","","","","","","NA"
"-133.50","68.75","TRAIL VALLEY","220N005","2012-08-03 16:00","2012","08","03","16:00","13.4","","","M","","M","","","23","","30","","","","99.56","","","","","","NA"
"-133.50","68.75","TRAIL VALLEY","220N005","2012-08-03 17:00","2012","08","03","17:00","15.4","","","M","","M","","","24","","30","","","","99.56","","","","","","NA"
"-133.50","68.75","TRAIL VALLEY","220N005","2012-08-03 18:00","2012","08","03","18:00","15.8","","","M","","M","","","24","","32","","","","99.58","","","","","","NA"
"-133.50","68.75","TRAIL VALLEY","220N005","2012-08-03 19:00","2012","08","03","19:00","13.3","","","M","","M","","","24","","28","","","","99.64","","","","","","NA"
"-133.50","68.75","TRAIL VALLEY","220N005","2012-08-03 20:00","2012","08","03","20:00","12.3","","","M","","M","","","24","","19","","","","99.67","","","","","","NA"
"-133.50","68.75","TRAIL VALLEY","220N005","2012-08-03 21:00","2012","08","03","21:00","12.2","","","M","","M","","","23","","22","","","","99.71","","","","","","NA"
"-133.50","68.75","TRAIL VALLEY","220N005","2012-08-03 22:00","2012","08","03","22:00","11.9","","","M","","M","","","23","","19","","","","99.74","","","","","","NA"
"-133.50","68.75","TRAIL VALLEY","220N005","2012-08-03 23:00","2012","08","03","23:00","11.7","","","M","","M","","","26","","17","","","","99.78","","","","","","NA"
"-133.50","68.75","TRAIL VALLEY","220N005","2012-08-04 00:00","2012","08","04","00:00","10.8","","","M","","M","","","25","","19","","","","99.82","","","","","","NA"
"-133.50","68.75","TRAIL VALLEY","220N005","2012-08-04 01:00","2012","08","04","01:00","10.2","","","M","","M","","","26","","17","","","","99.86","","","","","","NA"
"-133.50","68.75","TRAIL VALLEY","220N005","2012-08-04 02:00","2012","08","04","02:00","10.2","","","M","","M","","","26","","15","","","","99.92","","","","","","NA"
"-133.50","68.75","TRAIL VALLEY","220N005","2012-08-04 03:00","2012","08","04","03:00","10.0","","","M","","M","","","26","","13","","","","99.98","","","","","","NA"
"-133.50","68.75","TRAIL VALLEY","220N005","2012-08-04 04:00","2012","08","04","04:00","9.2","","","M","","M","","","23","","7","","","","100.02","","","","","","NA"
"-133.50","68.75","TRAIL VALLEY","220N005","2012-08-04 05:00","2012","08","04","05:00","9.0","","","M","","M","","","22","","7","","","","100.06","","","","","","NA"
"-133.50","68.75","TRAIL VALLEY","220N005","2012-08-04 06:00","2012","08","04","06:00","9.9","","","M","","M","","","21","","7","","","","100.10","","","","","","NA"
"-133.50","68.75","TRAIL VALLEY","220N005","2012-08-04 07:00","2012","08","04","07:00","10.2","","","M","","M","","","22","","6","","","","100.13","","","","","","NA"
"-133.50","68.75","TRAIL VALLEY","220N005","2012-08-04 08:00","2012","08","04","08:00","10.9","","","M","","M","","","24","","9","","","","100.17","","","","","","NA"
"-133.50","68.75","TRAIL VALLEY","220N005","2012-08-04 09:00","2012","08","04","09:00","11.8","","","M","","M","","","23","","7","","","","100.19","","","","","","NA"
"-133.50","68.75","TRAIL VALLEY","220N005","2012-08-04 10:00","2012","08","04","10:00","13.0","","","M","","M","","","22","","11","","","","100.20","","","","","","NA"
"-133.50","68.75","TRAIL VALLEY","220N005","2012-08-04 11:00","2012","08","04","11:00","13.9","","","M","","M","","","22","","15","","","","100.22","","","","","","NA"
"-133.50","68.75","TRAIL VALLEY","220N005","2012-08-04 12:00","2012","08","04","12:00","14.6","","","M","","M","","","22","","13","","","","100.24","","","","","","NA"
"-133.50","68.75","TRAIL VALLEY","220N005","2012-08-04 13:00","2012","08","04","13:00","16.1","","","M","","M","","","23","","11","","","","100.23","","","","","","NA"
"-133.50","68.75","TRAIL VALLEY","220N005","2012-08-04 14:00","2012","08","04","14:00","17.2","","","M","","M","","","23","","9","","","","100.23","","","","","","NA"
"-133.50","68.75","TRAIL VALLEY","220N005","2012-08-04 15:00","2012","08","04","15:00","18.9","","","M","","M","","","24","","9","","","","100.25","","","","","","NA"
"-133.50","68.75","TRAIL VALLEY","220N005","2012-08-04 16:00","2012","08","04","16:00","19.1","","","M","","M","","","22","","7","","","","100.25","","","","","","NA"
"-133.50","68.75","TRAIL VALLEY","220N005","2012-08-04 17:00","2012","08","04","17:00","19.3","","","M","","M","","","20","","4","","","","100.23","","","","","","NA"
"-133.50","68.75","TRAIL VALLEY","220N005","2012-08-04 18:00","2012","08","04","18:00","17.6","","","M","","M","","","10","","11","","","","100.22","","","","","","NA"
"-133.50","68.75","TRAIL VALLEY","220N005","2012-08-04 19:00","2012","08","04","19:00","17.3","","","M","","M","","","14","","6","","","","100.22","","","","","","NA"
"-133.50","68.75","TRAIL VALLEY","220N005","2012-08-04 20:00","2012","08","04","20:00","16.7","","","M","","M","","","18","","2","","","","100.21","","","","","","NA"
"-133.50","68.75","TRAIL VALLEY","220N005","2012-08-04 21:00","2012","08","04","21:00","15.5","","","M","","M","","","8","","4","","","","100.21","","","","","","NA"
"-133.50","68.75","TRAIL VALLEY","220N005","2012-08-04 22:00","2012","08","04","22:00","14.6","","","M","","M","","","12","","4","","","","100.20","","","","","","NA"
"-133.50","68.75","TRAIL VALLEY","220N005","2012-08-04 23:00","2012","08","04","23:00","13.4","","","M","","M","","","33","","11","","","","100.21","","","","","","NA"
"-133.50","68.75","TRAIL VALLEY","220N005","2012-08-05 00:00","2012","08","05","00:00","12.9","","","M","","M","","","3","","9","","","","100.22","","","","","","NA"
"-133.50","68.75","TRAIL VALLEY","220N005","2012-08-05 01:00","2012","08","05","01:00","12.7","","","M","","M","","","3","","7","","","","100.21","","","","","","NA"
"-133.50","68.75","TRAIL VALLEY","220N005","2012-08-05 02:00","2012","08","05","02:00","12.2","","","M","","M","","","10","","2","","","","100.20","","","","","","NA"
"-133.50","68.75","TRAIL VALLEY","220N005","2012-08-05 03:00","2012","08","05","03:00","10.5","","","M","","M","","","22","","6","","","","100.18","","","","","","NA"
"-133.50","68.75","TRAIL VALLEY","220N005","2012-08-05 04:00","2012","08","05","04:00","10.2","","","M","","M","","","17","","6","","","","100.18","","","","","","NA"
"-133.50","68.75","TRAIL VALLEY","220N005","2012-08-05 05:00","2012","08","05","05:00","11.0","","","M","","M","","","22","","7","","","","100.19","","","","","","NA"
"-133.50","68.75","TRAIL VALLEY","220N005","2012-08-05 06:00","2012","08","05","06:00","10.6","","","M","","M","","","21","","11","","","","100.19","","","","","","NA"
"-133.50","68.75","TRAIL VALLEY","220N005","2012-08-05 07:00","2012","08","05","07:00","11.7","","","M","","M","","","22","","9","","","","100.19","","","","","","NA"
"-133.50","68.75","TRAIL VALLEY","220N005","2012-08-05 08:00","2012","08","05","08:00","12.3","","","M","","M","","","28","","6","","","","100.21","","","","","","NA"
"-133.50","68.75","TRAIL VALLEY","220N005","2012-08-05 09:00","2012","08","05","09:00","12.9","","","M","","M","","","25","","6","","","","100.21","","","","","","NA"
"-133.50","68.75","TRAIL VALLEY","220N005","2012-08-05 10:00","2012","08","05","10:00","14.9","","","M","","M","","","","","0","","","","100.22","","","","","","NA"
"-133.50","68.75","TRAIL VALLEY","220N005","2012-08-05 11:00","2012","08","05","11:00","16.9","","","M","","M","","","6","","4","","","","100.21","","","","","","NA"
"-133.50","68.75","TRAIL VALLEY","220N005","2012-08-05 12:00","2012","08","05","12:00","17.2","","","M","","M","","","5","","4","","","","100.19","","","","","","NA"
"-133.50","68.75","TRAIL VALLEY","220N005","2012-08-05 13:00","2012","08","05","13:00","17.0","","","M","","M","","","8","","6","","","","100.17","","","","","","NA"
"-133.50","68.75","TRAIL VALLEY","220N005","2012-08-05 14:00","2012","08","05","14:00","16.8","","","M","","M","","","6","","11","","","","100.16","","","","","","NA"
"-133.50","68.75","TRAIL VALLEY","220N005","2012-08-05 15:00","2012","08","05","15:00","17.1","","","M","","M","","","9","","9","","","","100.14","","","","","","NA"
"-133.50","68.75","TRAIL VALLEY","220N005","2012-08-05 16:00","2012","08","05","16:00","19.5","","","M","","M","","","9","","11","","","","100.10","","","","","","NA"
"-133.50","68.75","TRAIL VALLEY","220N005","2012-08-05 17:00","2012","08","05","17:00","20.6","","","M","","M","","","11","","7","","","","100.07","","","","","","NA"
"-133.50","68.75","TRAIL VALLEY","220N005","2012-08-05 18:00","2012","08","05","18:00","19.0","","","M","","M","","","7","","11","","","","100.06","","","","","","NA"
"-133.50","68.75","TRAIL VALLEY","220N005","2012-08-05 19:00","2012","08","05","19:00","18.6","","","M","","M","","","7","","6","","","","100.03","","","","","","NA"
"-133.50","68.75","TRAIL VALLEY","220N005","2012-08-05 20:00","2012","08","05","20:00","18.4","","","M","","M","","","10","","9","","","","100.00","","","","","","NA"
"-133.50","68.75","TRAIL VALLEY","220N005","2012-08-05 21:00","2012","08","05","21:00","17.0","","","M","","M","","","14","","7","","","","99.98","","","","","","NA"
"-133.50","68.75","TRAIL VALLEY","220N005","2012-08-05 22:00","2012","08","05","22:00","15.3","","","M","","M","","","15","","6","","","","99.98","","","","","","NA"
"-133.50","68.75","TRAIL VALLEY","220N005","2012-08-05 23:00","2012","08","05","23:00","14.4","","","M","","M","","","16","","7","","","","99.98","","","","","","NA"
"-133.50","68.75","TRAIL VALLEY","220N005","2012-08-06 00:00","2012","08","06","00:00","13.0","","","M","","M","","","17","","11","","","","99.96","","","","","","NA"
"-133.50","68.75","TRAIL VALLEY","220N005","2012-08-06 01:00","2012","08","06","01:00","12.8","","","M","","M","","","17","","13","","","","99.94","","","","","","NA"
"-133.50","68.75","TRAIL VALLEY","220N005","2012-08-06 02:00","2012","08","06","02:00","13.2","","","M","","M","","","17","","19","","","","99.94","","","","","","NA"
"-133.50","68.75","TRAIL VALLEY","220N005","2012-08-06 03:00","2012","08","06","03:00","13.4","","","M","","M","","","18","","20","","","","99.91","","","","","","NA"
"-133.50","68.75","TRAIL VALLEY","220N005","2012-08-06 04:00","2012","08","06","04:00","12.4","","","M","","M","","","21","","9","","","","99.92","","","","","","NA"
"-133.50","68.75","TRAIL VALLEY","220N005","2012-08-06 05:00","2012","08","06","05:00","12.0","","","M","","M","","","22","","17","","","","99.94","","","","","","NA"
"-133.50","68.75","TRAIL VALLEY","220N005","2012-08-06 06:00","2012","08","06","06:00","11.0","","","M","","M","","","21","","13","","","","99.95","","","","","","NA"
"-133.50","68.75","TRAIL VALLEY","220N005","2012-08-06 07:00","2012","08","06","07:00","12.6","","","M","","M","","","21","","11","","","","99.97","","","","","","NA"
"-133.50","68.75","TRAIL VALLEY","220N005","2012-08-06 08:00","2012","08","06","08:00","15.3","","","M","","M","","","21","","13","","","","99.98","","","","","","NA"
"-133.50","68.75","TRAIL VALLEY","220N005","2012-08-06 09:00","2012","08","06","09:00","17.7","","","M","","M","","","21","","26","","","","99.97","","","","","","NA"
"-133.50","68.75","TRAIL VALLEY","220N005","2012-08-06 10:00","2012","08","06","10:00","18.4","","","M","","M","","","22","","28","","","","100.00","","","","","","NA"
"-133.50","68.75","TRAIL VALLEY","220N005","2012-08-06 11:00","2012","08","06","11:00","18.8","","","M","","M","","","22","","33","","","","100.01","","","","","","NA"
"-133.50","68.75","TRAIL VALLEY","220N005","2012-08-06 12:00","2012","08","06","12:00","18.8","","","M","","M","","","23","","32","","","","100.03","","","","","","NA"
"-133.50","68.75","TRAIL VALLEY","220N005","2012-08-06 13:00","2012","08","06","13:00","19.1","","","M","","M","","","22","","30","","","","100.05","","","","","","NA"
"-133.50","68.75","TRAIL VALLEY","220N005","2012-08-06 14:00","2012","08","06","14:00","19.5","","","M","","M","","","23","","30","","","","100.05","","","","","","NA"
"-133.50","68.75","TRAIL VALLEY","220N005","2012-08-06 15:00","2012","08","06","15:00","20.5","","","M","","M","","","22","","22","","","","100.05","","","","","","NA"
"-133.50","68.75","TRAIL VALLEY","220N005","2012-08-06 16:00","2012","08","06","16:00","20.4","","","M","","M","","","21","","19","","","","100.03","","","","","","NA"
"-133.50","68.75","TRAIL VALLEY","220N005","2012-08-06 17:00","2012","08","06","17:00","21.0","","","M","","M","","","22","","15","","","","99.98","","","","","","NA"
"-133.50","68.75","TRAIL VALLEY","220N005","2012-08-06 18:00","2012","08","06","18:00","21.6","","","M","","M","","","17","","15","","","","99.93","","","","","","NA"
"-133.50","68.75","TRAIL VALLEY","220N005","2012-08-06 19:00","2012","08","06","19:00","21.7","","","M","","M","","","19","","15","","","","99.91","","","","","","NA"
"-133.50","68.75","TRAIL VALLEY","220N005","2012-08-06 20:00","2012","08","06","20:00","21.1","","","M","","M","","","17","","11","","","","99.85","","","","","","NA"
"-133.50","68.75","TRAIL VALLEY","220N005","2012-08-06 21:00","2012","08","06","21:00","19.8","","","M","","M","","","17","","9","","","","99.81","","","","","","NA"
"-133.50","68.75","TRAIL VALLEY","220N005","2012-08-06 22:00","2012","08","06","22:00","16.8","","","M","","M","","","16","","11","","","","99.79","","","","","","NA"
"-133.50","68.75","TRAIL VALLEY","220N005","2012-08-06 23:00","2012","08","06","23:00","14.3","","","M","","M","","","17","","13","","","","99.76","","","","","","NA"
"-133.50","68.75","TRAIL VALLEY","220N005","2012-08-07 00:00","2012","08","07","00:00","14.4","","","M","","M","","","17","","19","","","","99.74","","","","","","NA"
"-133.50","68.75","TRAIL VALLEY","220N005","2012-08-07 01:00","2012","08","07","01:00","13.8","","","M","","M","","","17","","17","","","","99.70","","","","","","NA"
"-133.50","68.75","TRAIL VALLEY","220N005","2012-08-07 02:00","2012","08","07","02:00","13.6","","","M","","M","","","19","","11","","","","99.68","","","","","","NA"
"-133.50","68.75","TRAIL VALLEY","220N005","2012-08-07 03:00","2012","08","07","03:00","12.8","","","M","","M","","","22","","17","","","","99.64","","","","","","NA"
"-133.50","68.75","TRAIL VALLEY","220N005","2012-08-07 04:00","2012","08","07","04:00","13.6","","","M","","M","","","23","","15","","","","99.61","","","","","","NA"
"-133.50","68.75","TRAIL VALLEY","220N005","2012-08-07 05:00","2012","08","07","05:00","13.1","","","M","","M","","","26","","15","","","","99.57","","","","","","NA"
"-133.50","68.75","TRAIL VALLEY","220N005","2012-08-07 06:00","2012","08","07","06:00","13.3","","","M","","M","","","25","","6","","","","99.61","","","","","","NA"
"-133.50","68.75","TRAIL VALLEY","220N005","2012-08-07 07:00","2012","08","07","07:00","13.1","","","M","","M","","","28","","15","","","","99.57","","","","","","NA"
"-133.50","68.75","TRAIL VALLEY","220N005","2012-08-07 08:00","2012","08","07","08:00"
"-133.50","68.75","TRAIL VALLEY","220N005","2012-08-07 09:00","2012","08","07","09:00","14.0","","","M","","M","","","34","","7","","","","99.59","","","","","","NA"
"-133.50","68.75","TRAIL VALLEY","220N005","2012-08-07 10:00","2012","08","07","10:00","13.8","","","M","","M","","","26","","19","","","","99.66","","","","","","NA"
"-133.50","68.75","TRAIL VALLEY","220N005","2012-08-07 11:00","2012","08","07","11:00","13.3","","","M","","M","","","32","","15","","","","99.66","","","","","","NA"
"-133.50","68.75","TRAIL VALLEY","220N005","2012-08-07 12:00","2012","08","07","12:00","14.0","","","M","","M","","","3","","11","","","","99.66","","","","","","NA"
"-133.50","68.75","TRAIL VALLEY","220N005","2012-08-07 13:00","2012","08","07","13:00","15.4","","","M","","M","","","34","","9","","","","99.67","","","","","","NA"
"-133.50","68.75","TRAIL VALLEY","220N005","2012-08-07 14:00","2012","08","07","14:00","15.6","","","M","","M","","","6","","7","","","","99.67","","","","","","NA"
"-133.50","68.75","TRAIL VALLEY","220N005","2012-08-07 15:00","2012","08","07","15:00","15.0","","","M","","M","","","8","","7","","","","99.70","","","","","","NA"
"-133.50","68.75","TRAIL VALLEY","220N005","2012-08-07 16:00","2012","08","07","16:00","14.9","","","M","","M","","","15","","2","","","","99.73","","","","","","NA"
"-133.50","68.75","TRAIL VALLEY","220N005","2012-08-07 17:00","2012","08","07","17:00","14.9","","","M","","M","","","23","","20","","","","99.75","","","","","","NA"
"-133.50","68.75","TRAIL VALLEY","220N005","2012-08-07 18:00","2012","08","07","18:00","12.6","","","M","","M","","","26","","28","","","","99.82","","","","","","NA"
"-133.50","68.75","TRAIL VALLEY","220N005","2012-08-07 19:00","2012","08","07","19:00","10.3","","","M","","M","","","30","","24","","","","99.90","","","","","","NA"
"-133.50","68.75","TRAIL VALLEY","220N005","2012-08-07 20:00","2012","08","07","20:00","9.8","","","M","","M","","","30","","20","","","","99.94","","","","","","NA"
"-133.50","68.75","TRAIL VALLEY","220N005","2012-08-07 21:00","2012","08","07","21:00","9.5","","","M","","M","","","31","","19","","","","100.00","","","","","","NA"
"-133.50","68.75","TRAIL VALLEY","220N005","2012-08-07 22:00","2012","08","07","22:00","8.8","","","M","","M","","","31","","20","","","","100.08","","","","","","NA"
"-133.50","68.75","TRAIL VALLEY","220N005","2012-08-07 23:00","2012","08","07","23:00","8.4","","","M","","M","","","32","","15","","","","100.14","","","","","","NA"
"-133.50","68.75","TRAIL VALLEY","220N005","2012-08-08 00:00","2012","08","08","00:00","8.5","","","M","","M","","","30","","11","","","","100.19","","","","","","NA"
"-133.50","68.75","TRAIL VALLEY","220N005","2012-08-08 01:00","2012","08","08","01:00","7.8","","","M","","M","","","27","","7","","","","100.24","","","","","","NA"
"-133.50","68.75","TRAIL VALLEY","220N005","2012-08-08 02:00","2012","08","08","02:00","6.7","","","M","","M","","","28","","11","","","","100.26","","","","","","NA"
"-133.50","68.75","TRAIL VALLEY","220N005","2012-08-08 03:00","2012","08","08","03:00","7.0","","","M","","M","","","27","","13","","","","100.25","","","","","","NA"
"-133.50","68.75","TRAIL VALLEY","220N005","2012-08-08 04:00","2012","08","08","04:00","6.9","","","M","","M","","","26","","9","","","","100.26","","","","","","NA"
"-133.50","68.75","TRAIL VALLEY","220N005","2012-08-08 05:00","2012","08","08","05:00","7.2","","","M","","M","","","30","","9","","","","100.27","","","","","","NA"
"-133.50","68.75","TRAIL VALLEY","220N005","2012-08-08 06:00","2012","08","08","06:00","7.0","","","M","","M","","","26","","6","","","","100.30","","","","","","NA"
"-133.50","68.75","TRAIL VALLEY","220N005","2012-08-08 07:00","2012","08","08","07:00","7.8","","","M","","M","","","24","","4","","","","100.32","","","","","","NA"
"-133.50","68.75","TRAIL VALLEY","220N005","2012-08-08 08:00","2012","08","08","08:00","9.9","","","M","","M","","","","","0","","","","100.28","","","","","","NA"
"-133.50","68.75","TRAIL VALLEY","220N005","2012-08-08 09:00","2012","08","08","09:00","10.0","","","M","","M","","","10","","6","","","","100.31","","","","","","NA"
"-133.50","68.75","TRAIL VALLEY","220N005","2012-08-08 10:00","2012","08","08","10:00","10.1","","","M","","M","","","13","","7","","","","100.32","","","","","","NA"
"-133.50","68.75","TRAIL VALLEY","220N005","2012-08-08 11:00","2012","08","08","11:00","10.4","","","M","","M","","","13","","9","","","","100.28","","","","","","NA"
"-133.50","68.75","TRAIL VALLEY","220N005","2012-08-08 12:00","2012","08","08","12:00","10.5","","","M","","M","","","12","","9","","","","100.28","","","","","","NA"
"-133.50","68.75","TRAIL VALLEY","220N005","2012-08-08 13:00","2012","08","08","13:00","11.2","","","M","","M","","","11","","6","","","","100.27","","","","","","NA"
"-133.50","68.75","TRAIL VALLEY","220N005","2012-08-08 14:00","2012","08","08","14:00","11.7","","","M","","M","","","12","","4","","","","100.24","","","","","","NA"
"-133.50","68.75","TRAIL VALLEY","220N005","2012-08-08 15:00","2012","08","08","15:00","12.7","","","M","","M","","","10","","4","","","","100.25","","","","","","NA"
"-133.50","68.75","TRAIL VALLEY","220N005","2012-08-08 16:00","2012","08","08","16:00","13.5","","","M","","M","","","10","","4","","","","100.24","","","","","","NA"
"-133.50","68.75","TRAIL VALLEY","220N005","2012-08-08 17:00","2012","08","08","17:00","12.0","","","M","","M","","","5","","7","","","","100.23","","","","","","NA"
"-133.50","68.75","TRAIL VALLEY","220N005","2012-08-08 18:00","2012","08","08","18:00","12.9","","","M","","M","","","34","","4","","","","100.26","","","","","","NA"
"-133.50","68.75","TRAIL VALLEY","220N005","2012-08-08 19:00","2012","08","08","19:00","13.1","","","M","","M","","","32","","6","","","","100.28","","","","","","NA"
"-133.50","68.75","TRAIL VALLEY","220N005","2012-08-08 20:00","2012","08","08","20:00","12.7","","","M","","M","","","1","","13","","","","100.31","","","","","","NA"
"-133.50","68.75","TRAIL VALLEY","220N005","2012-08-08 21:00","2012","08","08","21:00","12.6","","","M","","M","","","3","","13","","","","100.35","","","","","","NA"
"-133.50","68.75","TRAIL VALLEY","220N005","2012-08-08 22:00","2012","08","08","22:00","11.2","","","M","","M","","","5","","7","","","","100.36","","","","","","NA"
"-133.50","68.75","TRAIL VALLEY","220N005","2012-08-08 23:00","2012","08","08","23:00","8.5","","","M","","M","","","34","","11","","","","100.40","","","","","","NA"
"-133.50","68.75","TRAIL VALLEY","220N005","2012-08-09 00:00","2012","08","09","00:00","7.9","","","M","","M","","","2","","9","","","","100.42","","","","","","NA"
"-133.50","68.75","TRAIL VALLEY","220N005","2012-08-09 01:00","2012","08","09","01:00","5.8","","","M","","M","","","25","","6","","","","100.43","","","","","","NA"
"-133.50","68.75","TRAIL VALLEY","220N005","2012-08-09 02:00","2012","08","09","02:00","5.3","","","M","","M","","","22","","9","","","","100.41","","","","","","NA"
"-133.50","68.75","TRAIL VALLEY","220N005","2012-08-09 03:00","2012","08","09","03:00","4.8","","","M","","M","","","22","","6","","","","100.41","","","","","","NA"
"-133.50","68.75","TRAIL VALLEY","220N005","2012-08-09 04:00","2012","08","09","04:00","5.3","","","M","","M","","","20","","4","","","","100.36","","","","","","NA"
"-133.50","68.75","TRAIL VALLEY","220N005","2012-08-09 05:00","2012","08","09","05:00","5.0","","","M","","M","","","20","","6","","","","100.34","","","","","","NA"
"-133.50","68.75","TRAIL VALLEY","220N005","2012-08-09 06:00","2012","08","09","06:00","7.5","","","M","","M","","","17","","6","","","","100.35","","","","","","NA"
"-133.50","68.75","TRAIL VALLEY","220N005","2012-08-09 07:00","2012","08","09","07:00","8.4","","","M","","M","","","20","","7","","","","100.37","","","","","","NA"
"-133.50","68.75","TRAIL VALLEY","220N005","2012-08-09 08:00","2012","08","09","08:00","10.8","","","M","","M","","","18","","4","","","","100.35","","","","","","NA"
"-133.50","68.75","TRAIL VALLEY","220N005","2012-08-09 09:00","2012","08","09","09:00","12.4","","","M","","M","","","17","","15","","","","100.32","","","","","","NA"
"-133.50","68.75","TRAIL VALLEY","220N005","2012-08-09 10:00","2012","08","09","10:00","14.2","","","M","","M","","","16","","13","","","","100.31","","","","","","NA"
"-133.50","68.75","TRAIL VALLEY","220N005","2012-08-09 11:00","2012","08","09","11:00","15.3","","","M","","M","","","16","","19","","","","100.29","","","","","","NA"
"-133.50","68.75","TRAIL VALLEY","220N005","2012-08-09 12:00","2012","08","09","12:00","16.5","","","M","","M","","","16","","15","","","","100.26","","","","","","NA"
"-133.50","68.75","TRAIL VALLEY","220N005","2012-08-09 13:00","2012","08","09","13:00","16.9","","","M","","M","","","18","","15","","","","100.23","","","","","","NA"
"-133.50","68.75","TRAIL VALLEY","220N005","2012-08-09 14:00","2012","08","09","14:00","17.1","","","M","","M","","","21","","17","","","","100.21","","","","","","NA"
"-133.50","68.75","TRAIL VALLEY","220N005","2012-08-09 15:00","2012","08","09","15:00","18.0","","","M","","M","","","22","","11","","","","100.19","","","","","","NA"
"-133.50","68.75","TRAIL VALLEY","220N005","2012-08-09 16:00","2012","08","09","16:00","18.4","","","M","","M","","","26","","9","","","","100.18","","","","","","NA"
"-133.50","68.75","TRAIL VALLEY","220N005","2012-08-09 17:00","2012","08","09","17:00","18.9","","","M","","M","","","22","","11","","","","100.17","","","","","","NA"
"-133.50","68.75","TRAIL VALLEY","220N005","2012-08-09 18:00","2012","08","09","18:00","18.1","","","M","","M","","","22","","11","","","","100.18","","","","","","NA"
"-133.50","68.75","TRAIL VALLEY","220N005","2012-08-09 19:00","2012","08","09","19:00","16.4","","","M","","M","","","4","","9","","","","100.20","","","","","","NA"
"-133.50","68.75","TRAIL VALLEY","220N005","2012-08-09 20:00","2012","08","09","20:00","16.9","","","M","","M","","","32","","11","","","","100.18","","","","","","NA"
"-133.50","68.75","TRAIL VALLEY","220N005","2012-08-09 21:00","2012","08","09","21:00","14.5","","","M","","M","","","6","","7","","","","100.20","","","","","","NA"
"-133.50","68.75","TRAIL VALLEY","220N005","2012-08-09 22:00","2012","08","09","22:00","13.2","","","M","","M","","","7","","6","","","","100.20","","","","","","NA"
"-133.50","68.75","TRAIL VALLEY","220N005","2012-08-09 23:00","2012","08","09","23:00","11.3","","","M","","M","","","15","","6","","","","100.18","","","","","","NA"
"-133.50","68.75","TRAIL VALLEY","220N005","2012-08-10 00:00","2012","08","10","00:00","11.1","","","M","","M","","","","","0","","","","100.18","","","","","","NA"
"-133.50","68.75","TRAIL VALLEY","220N005","2012-08-10 01:00","2012","08","10","01:00","10.5","","","M","","M","","","17","","4","","","","100.18","","","","","","NA"
"-133.50","68.75","TRAIL VALLEY","220N005","2012-08-10 02:00","2012","08","10","02:00","10.2","","","M","","M","","","13","","4","","","","100.18","","","","","","NA"
"-133.50","68.75","TRAIL VALLEY","220N005","2012-08-10 03:00","2012","08","10","03:00","12.0","","","M","","M","","","17","","9","","","","100.16","","","","","","NA"
"-133.50","68.75","TRAIL VALLEY","220N005","2012-08-10 04:00","2012","08","10","04:00","9.2","","","M","","M","","","18","","7","","","","100.15","","","","","","NA"
"-133.50","68.75","TRAIL VALLEY","220N005","2012-08-10 05:00","2012","08","10","05:00","10.0","","","M","","M","","","17","","19","","","","100.13","","","","","","NA"
"-133.50","68.75","TRAIL VALLEY","220N005","2012-08-10 06:00","2012","08","10","06:00","10.9","","","M","","M","","","18","","17","","","","100.13","","","","","","NA"
"-133.50","68.75","TRAIL VALLEY","220N005","2012-08-10 07:00","2012","08","10","07:00","11.0","","","M","","M","","","22","","11","","","","100.14","","","","","","NA"
"-133.50","68.75","TRAIL VALLEY","220N005","2012-08-10 08:00","2012","08","10","08:00","12.7","","","M","","M","","","21","","15","","","","100.16","","","","","","NA"
"-133.50","68.75","TRAIL VALLEY","220N005","2012-08-10 09:00","2012","08","10","09:00","15.0","","","M","","M","","","21","","19","","","","100.18","","","","","","NA"
"-133.50","68.75","TRAIL VALLEY","220N005","2012-08-10 10:00","2012","08","10","10:00","15.5","","","M","","M","","","23","","19","","","","100.20","","","","","","NA"
"-133.50","68.75","TRAIL VALLEY","220N005","2012-08-10 11:00","2012","08","10","11:00","16.3","","","M","","M","","","26","","17","","","","100.24","","","","","","NA"
"-133.50","68.75","TRAIL VALLEY","220N005","2012-08-10 12:00","2012","08","10","12:00","17.1","","","M","","M","","","28","","15","","","","100.26","","","","","","NA"
"-133.50","68.75","TRAIL VALLEY","220N005","2012-08-10 13:00","2012","08","10","13:00","17.0","","","M","","M","","","30","","17","","","","100.29","","","","","","NA"
"-133.50","68.75","TRAIL VALLEY","220N005","2012-08-10 14:00","2012","08","10","14:00","16.4","","","M","","M","","","31","","22","","","","100.35","","","","","","NA"
"-133.50","68.75","TRAIL VALLEY","220N005","2012-08-10 15:00","2012","08","10","15:00","16.1","","","M","","M","","","30","","13","","","","100.37","","","","","","NA"
"-133.50","68.75","TRAIL VALLEY","220N005","2012-08-10 16:00","2012","08","10","16:00","14.9","","","M","","M","","","30","","19","","","","100.41","","","","","","NA"
"-133.50","68.75","TRAIL VALLEY","220N005","2012-08-10 17:00","2012","08","10","17:00","13.7","","","M","","M","","","30","","17","","","","100.43","","","","","","NA"
"-133.50","68.75","TRAIL VALLEY","220N005","2012-08-10 18:00","2012","08","10","18:00","13.5","","","M","","M","","","30","","17","","","","100.45","","","","","","NA"
"-133.50","68.75","TRAIL VALLEY","220N005","2012-08-10 19:00","2012","08","10","19:00","11.9","","","M","","M","","","29","","17","","","","100.48","","","","","","NA"
"-133.50","68.75","TRAIL VALLEY","220N005","2012-08-10 20:00","2012","08","10","20:00","10.8","","","M","","M","","","28","","13","","","","100.51","","","","","","NA"
"-133.50","68.75","TRAIL VALLEY","220N005","2012-08-10 21:00","2012","08","10","21:00","9.9","","","M","","M","","","28","","7","","","","100.51","","","","","","NA"
"-133.50","68.75","TRAIL VALLEY","220N005","2012-08-10 22:00","2012","08","10","22:00","9.7","","","M","","M","","","24","","7","","","","100.51","","","","","","NA"
"-133.50","68.75","TRAIL VALLEY","220N005","2012-08-10 23:00","2012","08","10","23:00","9.4","","","M","","M","","","23","","11","","","","100.54","","","","","","NA"
"-133.50","68.75","TRAIL VALLEY","220N005","2012-08-11 00:00","2012","08","11","00:00","9.2","","","M","","M","","","23","","9","","","","100.54","","","","","","NA"
"-133.50","68.75","TRAIL VALLEY","220N005","2012-08-11 01:00","2012","08","11","01:00","9.0","","","M","","M","","","22","","6","","","","100.55","","","","","","NA"
"-133.50","68.75","TRAIL VALLEY","220N005","2012-08-11 02:00","2012","08","11","02:00","9.1","","","M","","M","","","23","","11","","","","100.55","","","","","","NA"
"-133.50","68.75","TRAIL VALLEY","220N005","2012-08-11 03:00","2012","08","11","03:00","9.0","","","M","","M","","","23","","13","","","","100.55","","","","","","NA"
"-133.50","68.75","TRAIL VALLEY","220N005","2012-08-11 04:00","2012","08","11","04:00","8.9","","","M","","M","","","23","","13","","","","100.57","","","","","","NA"
"-133.50","68.75","TRAIL VALLEY","220N005","2012-08-11 05:00","2012","08","11","05:00","9.3","","","M","","M","","","22","","15","","","","100.60","","","","","","NA"
"-133.50","68.75","TRAIL VALLEY","220N005","2012-08-11 06:00","2012","08","11","06:00","9.4","","","M","","M","","","22","","15","","","","100.61","","","","","","NA"
"-133.50","68.75","TRAIL VALLEY","220N005","2012-08-11 07:00","2012","08","11","07:00","10.0","","","M","","M","","","23","","13","","","","100.65","","","","","","NA"
"-133.50","68.75","TRAIL VALLEY","220N005","2012-08-11 08:00","2012","08","11","08:00","10.0","","","M","","M","","","26","","20","","","","100.69","","","","","","NA"
"-133.50","68.75","TRAIL VALLEY","220N005","2012-08-11 09:00","2012","08","11","09:00","10.2","","","M","","M","","","26","","22","","","","100.73","","","","","","NA"
"-133.50","68.75","TRAIL VALLEY","220N005","2012-08-11 10:00","2012","08","11","10:00","9.5","","","M","","M","","","27","","24","","","","100.78","","","","","","NA"
"-133.50","68.75","TRAIL VALLEY","220N005","2012-08-11 11:00","2012","08","11","11:00","9.5","","","M","","M","","","26","","24","","","","100.83","","","","","","NA"
"-133.50","68.75","TRAIL VALLEY","220N005","2012-08-11 12:00","2012","08","11","12:00","8.5","","","M","","M","","","28","","22","","","","100.89","","","","","","NA"
"-133.50","68.75","TRAIL VALLEY","220N005","2012-08-11 13:00","2012","08","11","13:00","10.1","","","M","","M","","","27","","20","","","","100.95","","","","","","NA"
"-133.50","68.75","TRAIL VALLEY","220N005","2012-08-11 14:00","2012","08","11","14:00","10.1","","","M","","M","","","29","","20","","","","100.99","","","","","","NA"
"-133.50","68.75","TRAIL VALLEY","220N005","2012-08-11 15:00","2012","08","11","15:00","10.4","","","M","","M","","","26","","20","","","","101.02","","","","","","NA"
"-133.50","68.75","TRAIL VALLEY","220N005","2012-08-11 16:00","2012","08","11","16:00","10.3","","","M","","M","","","28","","20","","","","101.06","","","","","","NA"
"-133.50","68.75","TRAIL VALLEY","220N005","2012-08-11 17:00","2012","08","11","17:00","9.9","","","M","","M","","","29","","17","","","","101.07","","","","","","NA"
"-133.50","68.75","TRAIL VALLEY","220N005","2012-08-11 18:00","2012","08","11","18:00","9.5","","","M","","M","","","29","","15","","","","101.10","","","","","","NA"
"-133.50","68.75","TRAIL VALLEY","220N005","2012-08-11 19:00","2012","08","11","19:00","9.1","","","M","","M","","","29","","15","","","","101.09","","","","","","NA"
"-133.50","68.75","TRAIL VALLEY","220N005","2012-08-11 20:00","2012","08","11","20:00","8.4","","","M","","M","","","29","","13","","","","101.10","","","","","","NA"
"-133.50","68.75","TRAIL VALLEY","220N005","2012-08-11 21:00","2012","08","11","21:00","8.0","","","M","","M","","","29","","11","","","","101.10","","","","","","NA"
"-133.50","68.75","TRAIL VALLEY","220N005","2012-08-11 22:00","2012","08","11","22:00","7.4","","","M","","M","","","28","","9","","","","101.12","","","","","","NA"
"-133.50","68.75","TRAIL VALLEY","220N005","2012-08-11 23:00","2012","08","11","23:00","6.6","","","M","","M","","","26","","7","","","","101.14","","","","","","NA"
"-133.50","68.75","TRAIL VALLEY","220N005","2012-08-12 00:00","2012","08","12","00:00","6.6","","","M","","M","","","26","","11","","","","101.15","","","","","","NA"
"-133.50","68.75","TRAIL VALLEY","220N005","2012-08-12 01:00","2012","08","12","01:00","6.2","","","M","","M","","","27","","11","","","","101.16","","","","","","NA"
"-133.50","68.75","TRAIL VALLEY","220N005","2012-08-12 02:00","2012","08","12","02:00","5.7","","","M","","M","","","27","","9","","","","101.18","","","","","","NA"
"-133.50","68.75","TRAIL VALLEY","220N005","2012-08-12 03:00","2012","08","12","03:00","2.9","","","M","","M","","","24","","11","","","","101.17","","","","","","NA"
"-133.50","68.75","TRAIL VALLEY","220N005","2012-08-12 04:00","2012","08","12","04:00","2.6","","","M","","M","","","22","","6","","","","101.17","","","","","","NA"
"-133.50","68.75","TRAIL VALLEY","220N005","2012-08-12 05:00","2012","08","12","05:00","2.0","","","M","","M","","","21","","9","","","","101.18","","","","","","NA"
"-133.50","68.75","TRAIL VALLEY","220N005","2012-08-12 06:00","2012","08","12","06:00","5.1","","","M","","M","","","24","","13","","","","101.15","","","","","","NA"
"-133.50","68.75","TRAIL VALLEY","220N005","2012-08-12 07:00","2012","08","12","07:00","6.0","","","M","","M","","","22","","7","","","","101.14","","","","","","NA"
"-133.50","68.75","TRAIL VALLEY","220N005","2012-08-12 08:00","2012","08","12","08:00","7.9","","","M","","M","","","24","","9","","","","101.12","","","","","","NA"
"-133.50","68.75","TRAIL VALLEY","220N005","2012-08-12 09:00","2012","08","12","09:00","8.4","","","M","","M","","","26","","11","","","","101.11","","","","","","NA"
"-133.50","68.75","TRAIL VALLEY","220N005","2012-08-12 10:00","2012","08","12","10:00","8.4","","","M","","M","","","25","","13","","","","101.10","","","","","","NA"
"-133.50","68.75","TRAIL VALLEY","220N005","2012-08-12 11:00","2012","08","12","11:00","8.6","","","M","","M","","","26","","19","","","","101.09","","","","","","NA"
"-133.50","68.75","TRAIL VALLEY","220N005","2012-08-12 12:00","2012","08","12","12:00","8.5","","","M","","M","","","26","","17","","","","101.09","","","","","","NA"
"-133.50","68.75","TRAIL VALLEY","220N005","2012-08-12 13:00","2012","08","12","13:00","8.5","","","M","","M","","","24","","17","","","","101.05","","","","","","NA"
"-133.50","68.75","TRAIL VALLEY","220N005","2012-08-12 14:00","2012","08","12","14:00","9.3","","","M","","M","","","25","","15","","","","101.00","","","","","","NA"
"-133.50","68.75","TRAIL VALLEY","220N005","2012-08-12 15:00","2012","08","12","15:00","10.2","","","M","","M","","","23","","15","","","","100.97","","","","","","NA"
"-133.50","68.75","TRAIL VALLEY","220N005","2012-08-12 16:00","2012","08","12","16:00","10.9","","","M","","M","","","24","","13","","","","100.93","","","","","","NA"
"-133.50","68.75","TRAIL VALLEY","220N005","2012-08-12 17:00","2012","08","12","17:00","12.0","","","M","","M","","","23","","19","","","","100.86","","","","","","NA"
"-133.50","68.75","TRAIL VALLEY","220N005","2012-08-12 18:00","2012","08","12","18:00","10.6","","","M","","M","","","24","","22","","","","100.83","","","","","","NA"
"-133.50","68.75","TRAIL VALLEY","220N005","2012-08-12 19:00","2012","08","12","19:00","10.6","","","M","","M","","","23","","19","","","","100.77","","","","","","NA"
"-133.50","68.75","TRAIL VALLEY","220N005","2012-08-12 20:00","2012","08","12","20:00","9.4","","","M","","M","","","25","","20","","","","100.73","","","","","","NA"
"-133.50","68.75","TRAIL VALLEY","220N005","2012-08-12 21:00","2012","08","12","21:00","7.9","","","M","","M","","","25","","22","","","","100.71","","","","","","NA"
"-133.50","68.75","TRAIL VALLEY","220N005","2012-08-12 22:00","2012","08","12","22:00","7.2","","","M","","M","","","25","","20","","","","100.70","","","","","","NA"
"-133.50","68.75","TRAIL VALLEY","220N005","2012-08-12 23:00","2012","08","12","23:00","6.9","","","M","","M","","","24","","20","","","","100.67","","","","","","NA"
"-133.50","68.75","TRAIL VALLEY","220N005","2012-08-13 00:00","2012","08","13","00:00","7.2","","","M","","M","","","24","","20","","","","100.66","","","","","","NA"
"-133.50","68.75","TRAIL VALLEY","220N005","2012-08-13 01:00","2012","08","13","01:00","7.1","","","M","","M","","","23","","17","","","","100.62","","","","","","NA"
"-133.50","68.75","TRAIL VALLEY","220N005","2012-08-13 02:00","2012","08","13","02:00","8.0","","","M","","M","","","23","","20","","","","100.58","","","","","","NA"
"-133.50","68.75","TRAIL VALLEY","220N005","2012-08-13 03:00","2012","08","13","03:00","7.7","","","M","","M","","","24","","19","","","","100.58","","","","","","NA"
"-133.50","68.75","TRAIL VALLEY","220N005","2012-08-13 04:00","2012","08","13","04:00","7.8","","","M","","M","","","25","","24","","","","100.55","","","","","","NA"
"-133.50","68.75","TRAIL VALLEY","220N005","2012-08-13 05:00","2012","08","13","05:00","7.6","","","M","","M","","","24","","20","","","","100.54","","","","","","NA"
"-133.50","68.75","TRAIL VALLEY","220N005","2012-08-13 06:00","2012","08","13","06:00","7.8","","","M","","M","","","24","","20","","","","100.54","","","","","","NA"
"-133.50","68.75","TRAIL VALLEY","220N005","2012-08-13 07:00","2012","08","13","07:00","8.1","","","M","","M","","","25","","22","","","","100.53","","","","","","NA"
"-133.50","68.75","TRAIL VALLEY","220N005","2012-08-13 08:00","2012","08","13","08:00","7.8","","","M","","M","","","28","","15","","","","100.54","","","","","","NA"
"-133.50","68.75","TRAIL VALLEY","220N005","2012-08-13 09:00","2012","08","13","09:00","7.8","","","M","","M","","","29","","15","","","","100.55","","","","","","NA"
"-133.50","68.75","TRAIL VALLEY","220N005","2012-08-13 10:00","2012","08","13","10:00","7.8","","","M","","M","","","30","","19","","","","100.57","","","","","","NA"
"-133.50","68.75","TRAIL VALLEY","220N005","2012-08-13 11:00","2012","08","13","11:00","8.2","","","M","","M","","","28","","19","","","","100.59","","","","","","NA"
"-133.50","68.75","TRAIL VALLEY","220N005","2012-08-13 12:00","2012","08","13","12:00","8.8","","","M","","M","","","26","","19","","","","100.60","","","","","","NA"
"-133.50","68.75","TRAIL VALLEY","220N005","2012-08-13 13:00","2012","08","13","13:00","9.1","","","M","","M","","","25","","24","","","","100.61","","","","","","NA"
"-133.50","68.75","TRAIL VALLEY","220N005","2012-08-13 14:00","2012","08","13","14:00","9.0","","","M","","M","","","25","","22","","","","100.65","","","","","","NA"
"-133.50","68.75","TRAIL VALLEY","220N005","2012-08-13 15:00","2012","08","13","15:00","9.6","","","M","","M","","","25","","22","","","","100.67","","","","","","NA"
"-133.50","68.75","TRAIL VALLEY","220N005","2012-08-13 16:00","2012","08","13","16:00","10.3","","","M","","M","","","25","","20","","","","100.67","","","","","","NA"
"-133.50","68.75","TRAIL VALLEY","220N005","2012-08-13 17:00","2012","08","13","17:00","11.3","","","M","","M","","","25","","19","","","","100.68","","","","","","NA"
"-133.50","68.75","TRAIL VALLEY","220N005","2012-08-13 18:00","2012","08","13","18:00","11.8","","","M","","M","","","25","","17","","","","100.66","","","","","","NA"
"-133.50","68.75","TRAIL VALLEY","220N005","2012-08-13 19:00","2012","08","13","19:00","12.6","","","M","","M","","","25","","19","","","","100.61","","","","","","NA"
"-133.50","68.75","TRAIL VALLEY","220N005","2012-08-13 20:00","2012","08","13","20:00","12.5","","","M","","M","","","24","","19","","","","100.59","","","","","","NA"
"-133.50","68.75","TRAIL VALLEY","220N005","2012-08-13 21:00","2012","08","13","21:00","11.6","","","M","","M","","","23","","13","","","","100.57","","","","","","NA"
"-133.50","68.75","TRAIL VALLEY","220N005","2012-08-13 22:00","2012","08","13","22:00","9.2","","","M","","M","","","24","","15","","","","100.57","","","","","","NA"
"-133.50","68.75","TRAIL VALLEY","220N005","2012-08-13 23:00","2012","08","13","23:00","7.0","","","M","","M","","","23","","11","","","","100.57","","","","","","NA"
"-133.50","68.75","TRAIL VALLEY","220N005","2012-08-14 00:00","2012","08","14","00:00","6.8","","","M","","M","","","21","","11","","","","100.58","","","","","","NA"
"-133.50","68.75","TRAIL VALLEY","220N005","2012-08-14 01:00","2012","08","14","01:00","7.7","","","M","","M","","","22","","7","","","","100.60","","","","","","NA"
"-133.50","68.75","TRAIL VALLEY","220N005","2012-08-14 02:00","2012","08","14","02:00","7.5","","","M","","M","","","26","","9","","","","100.59","","","","","","NA"
"-133.50","68.75","TRAIL VALLEY","220N005","2012-08-14 03:00","2012","08","14","03:00","6.1","","","M","","M","","","22","","6","","","","100.60","","","","","","NA"
"-133.50","68.75","TRAIL VALLEY","220N005","2012-08-14 04:00","2012","08","14","04:00","6.0","","","M","","M","","","25","","7","","","","100.59","","","","","","NA"
"-133.50","68.75","TRAIL VALLEY","220N005","2012-08-14 05:00","2012","08","14","05:00","7.8","","","M","","M","","","31","","7","","","","100.59","","","","","","NA"
"-133.50","68.75","TRAIL VALLEY","220N005","2012-08-14 06:00","2012","08","14","06:00","7.8","","","M","","M","","","32","","7","","","","100.59","","","","","","NA"
"-133.50","68.75","TRAIL VALLEY","220N005","2012-08-14 07:00","2012","08","14","07:00","8.0","","","M","","M","","","2","","7","","","","100.59","","","","","","NA"
"-133.50","68.75","TRAIL VALLEY","220N005","2012-08-14 08:00","2012","08","14","08:00","8.3","","","M","","M","","","34","","9","","","","100.60","","","","","","NA"
"-133.50","68.75","TRAIL VALLEY","220N005","2012-08-14 09:00","2012","08","14","09:00","9.0","","","M","","M","","","3","","6","","","","100.60","","","","","","NA"
"-133.50","68.75","TRAIL VALLEY","220N005","2012-08-14 10:00","2012","08","14","10:00","9.6","","","M","","M","","","7","","4","","","","100.61","","","","","","NA"
"-133.50","68.75","TRAIL VALLEY","220N005","2012-08-14 11:00","2012","08","14","11:00","9.8","","","M","","M","","","4","","6","","","","100.62","","","","","","NA"
"-133.50","68.75","TRAIL VALLEY","220N005","2012-08-14 12:00","2012","08","14","12:00","10.6","","","M","","M","","","29","","6","","","","100.63","","","","","","NA"
"-133.50","68.75","TRAIL VALLEY","220N005","2012-08-14 13:00","2012","08","14","13:00","13.0","","","M","","M","","","6","","4","","","","100.63","","","","","","NA"
"-133.50","68.75","TRAIL VALLEY","220N005","2012-08-14 14:00","2012","08","14","14:00","12.3","","","M","","M","","","5","","9","","","","100.61","","","","","","NA"
"-133.50","68.75","TRAIL VALLEY","220N005","2012-08-14 15:00","2012","08","14","15:00","13.8","","","M","","M","","","8","","7","","","","100.60","","","","","","NA"
"-133.50","68.75","TRAIL VALLEY","220N005","2012-08-14 16:00","2012","08","14","16:00","13.8","","","M","","M","","","8","","11","","","","100.57","","","","","","NA"
"-133.50","68.75","TRAIL VALLEY","220N005","2012-08-14 17:00","2012","08","14","17:00","13.7","","","M","","M","","","7","","15","","","","100.53","","","","","","NA"
"-133.50","68.75","TRAIL VALLEY","220N005","2012-08-14 18:00","2012","08","14","18:00","12.5","","","M","","M","","","7","","15","","","","100.49","","","","","","NA"
"-133.50","68.75","TRAIL VALLEY","220N005","2012-08-14 19:00","2012","08","14","19:00","12.1","","","M","","M","","","7","","17","","","","100.45","","","","","","NA"
"-133.50","68.75","TRAIL VALLEY","220N005","2012-08-14 20:00","2012","08","14","20:00","12.2","","","M","","M","","","7","","17","","","","100.40","","","","","","NA"
"-133.50","68.75","TRAIL VALLEY","220N005","2012-08-14 21:00","2012","08","14","21:00","11.6","","","M","","M","","","7","","13","","","","100.36","","","","","","NA"
"-133.50","68.75","TRAIL VALLEY","220N005","2012-08-14 22:00","2012","08","14","22:00","10.6","","","M","","M","","","8","","11","","","","100.33","","","","","","NA"
"-133.50","68.75","TRAIL VALLEY","220N005","2012-08-14 23:00","2012","08","14","23:00","9.6","","","M","","M","","","7","","11","","","","100.31","","","","","","NA"
"-133.50","68.75","TRAIL VALLEY","220N005","2012-08-15 00:00","2012","08","15","00:00","9.3","","","M","","M","","","6","","9","","","","100.28","","","","","","NA"
"-133.50","68.75","TRAIL VALLEY","220N005","2012-08-15 01:00","2012","08","15","01:00","8.7","","","M","","M","","","6","","7","","","","100.23","","","","","","NA"
"-133.50","68.75","TRAIL VALLEY","220N005","2012-08-15 02:00","2012","08","15","02:00","8.2","","","M","","M","","","3","","4","","","","100.22","","","","","","NA"
"-133.50","68.75","TRAIL VALLEY","220N005","2012-08-15 03:00","2012","08","15","03:00","7.9","","","M","","M","","","2","","6","","","","100.18","","","","","","NA"
"-133.50","68.75","TRAIL VALLEY","220N005","2012-08-15 04:00","2012","08","15","04:00","7.5","","","M","","M","","","27","","4","","","","100.14","","","","","","NA"
"-133.50","68.75","TRAIL VALLEY","220N005","2012-08-15 05:00","2012","08","15","05:00","6.8","","","M","","M","","","27","","6","","","","100.11","","","","","","NA"
"-133.50","68.75","TRAIL VALLEY","220N005","2012-08-15 06:00","2012","08","15","06:00","5.0","","","M","","M","","","27","","4","","","","100.07","","","","","","NA"
"-133.50","68.75","TRAIL VALLEY","220N005","2012-08-15 07:00","2012","08","15","07:00","7.4","","","M","","M","","","29","","4","","","","100.03","","","","","","NA"
"-133.50","68.75","TRAIL VALLEY","220N005","2012-08-15 08:00","2012","08","15","08:00","8.7","","","M","","M","","","1","","4","","","","100.00","","","","","","NA"
"-133.50","68.75","TRAIL VALLEY","220N005","2012-08-15 09:00","2012","08","15","09:00","10.0","","","M","","M","","","6","","6","","","","99.96","","","","","","NA"
"-133.50","68.75","TRAIL VALLEY","220N005","2012-08-15 10:00","2012","08","15","10:00","10.8","","","M","","M","","","5","","4","","","","99.93","","","","","","NA"
"-133.50","68.75","TRAIL VALLEY","220N005","2012-08-15 11:00","2012","08","15","11:00","12.0","","","M","","M","","","8","","9","","","","99.88","","","","","","NA"
"-133.50","68.75","TRAIL VALLEY","220N005","2012-08-15 12:00","2012","08","15","12:00"
"-133.50","68.75","TRAIL VALLEY","220N005","2012-08-15 13:00","2012","08","15","13:00"
"-133.50","68.75","TRAIL VALLEY","220N005","2012-08-15 14:00","2012","08","15","14:00"
"-133.50","68.75","TRAIL VALLEY","220N005","2012-08-15 15:00","2012","08","15","15:00"
"-133.50","68.75","TRAIL VALLEY","220N005","2012-08-15 16:00","2012","08","15","16:00"
"-133.50","68.75","TRAIL VALLEY","220N005","2012-08-15 17:00","2012","08","15","17:00"
"-133.50","68.75","TRAIL VALLEY","220N005","2012-08-15 18:00","2012","08","15","18:00"
"-133.50","68.75","TRAIL VALLEY","220N005","2012-08-15 19:00","2012","08","15","19:00"
"-133.50","68.75","TRAIL VALLEY","220N005","2012-08-15 20:00","2012","08","15","20:00"
"-133.50","68.75","TRAIL VALLEY","220N005","2012-08-15 21:00","2012","08","15","21:00"
"-133.50","68.75","TRAIL VALLEY","220N005","2012-08-15 22:00","2012","08","15","22:00"
"-133.50","68.75","TRAIL VALLEY","220N005","2012-08-15 23:00","2012","08","15","23:00"
"-133.50","68.75","TRAIL VALLEY","220N005","2012-08-16 00:00","2012","08","16","00:00"
"-133.50","68.75","TRAIL VALLEY","220N005","2012-08-16 01:00","2012","08","16","01:00"
"-133.50","68.75","TRAIL VALLEY","220N005","2012-08-16 02:00","2012","08","16","02:00"
"-133.50","68.75","TRAIL VALLEY","220N005","2012-08-16 03:00","2012","08","16","03:00"
"-133.50","68.75","TRAIL VALLEY","220N005","2012-08-16 04:00","2012","08","16","04:00"
"-133.50","68.75","TRAIL VALLEY","220N005","2012-08-16 05:00","2012","08","16","05:00"
"-133.50","68.75","TRAIL VALLEY","220N005","2012-08-16 06:00","2012","08","16","06:00"
"-133.50","68.75","TRAIL VALLEY","220N005","2012-08-16 07:00","2012","08","16","07:00"
"-133.50","68.75","TRAIL VALLEY","220N005","2012-08-16 08:00","2012","08","16","08:00"
"-133.50","68.75","TRAIL VALLEY","220N005","2012-08-16 09:00","2012","08","16","09:00"
"-133.50","68.75","TRAIL VALLEY","220N005","2012-08-16 10:00","2012","08","16","10:00"
"-133.50","68.75","TRAIL VALLEY","220N005","2012-08-16 11:00","2012","08","16","11:00"
"-133.50","68.75","TRAIL VALLEY","220N005","2012-08-16 12:00","2012","08","16","12:00"
"-133.50","68.75","TRAIL VALLEY","220N005","2012-08-16 13:00","2012","08","16","13:00"
"-133.50","68.75","TRAIL VALLEY","220N005","2012-08-16 14:00","2012","08","16","14:00"
"-133.50","68.75","TRAIL VALLEY","220N005","2012-08-16 15:00","2012","08","16","15:00"
"-133.50","68.75","TRAIL VALLEY","220N005","2012-08-16 16:00","2012","08","16","16:00"
"-133.50","68.75","TRAIL VALLEY","220N005","2012-08-16 17:00","2012","08","16","17:00"
"-133.50","68.75","TRAIL VALLEY","220N005","2012-08-16 18:00","2012","08","16","18:00"
"-133.50","68.75","TRAIL VALLEY","220N005","2012-08-16 19:00","2012","08","16","19:00"
"-133.50","68.75","TRAIL VALLEY","220N005","2012-08-16 20:00","2012","08","16","20:00"
"-133.50","68.75","TRAIL VALLEY","220N005","2012-08-16 21:00","2012","08","16","21:00"
"-133.50","68.75","TRAIL VALLEY","220N005","2012-08-16 22:00","2012","08","16","22:00"
"-133.50","68.75","TRAIL VALLEY","220N005","2012-08-16 23:00","2012","08","16","23:00"
"-133.50","68.75","TRAIL VALLEY","220N005","2012-08-17 00:00","2012","08","17","00:00"
"-133.50","68.75","TRAIL VALLEY","220N005","2012-08-17 01:00","2012","08","17","01:00"
"-133.50","68.75","TRAIL VALLEY","220N005","2012-08-17 02:00","2012","08","17","02:00"
"-133.50","68.75","TRAIL VALLEY","220N005","2012-08-17 03:00","2012","08","17","03:00"
"-133.50","68.75","TRAIL VALLEY","220N005","2012-08-17 04:00","2012","08","17","04:00"
"-133.50","68.75","TRAIL VALLEY","220N005","2012-08-17 05:00","2012","08","17","05:00"
"-133.50","68.75","TRAIL VALLEY","220N005","2012-08-17 06:00","2012","08","17","06:00"
"-133.50","68.75","TRAIL VALLEY","220N005","2012-08-17 07:00","2012","08","17","07:00"
"-133.50","68.75","TRAIL VALLEY","220N005","2012-08-17 08:00","2012","08","17","08:00"
"-133.50","68.75","TRAIL VALLEY","220N005","2012-08-17 09:00","2012","08","17","09:00"
"-133.50","68.75","TRAIL VALLEY","220N005","2012-08-17 10:00","2012","08","17","10:00"
"-133.50","68.75","TRAIL VALLEY","220N005","2012-08-17 11:00","2012","08","17","11:00"
"-133.50","68.75","TRAIL VALLEY","220N005","2012-08-17 12:00","2012","08","17","12:00"
"-133.50","68.75","TRAIL VALLEY","220N005","2012-08-17 13:00","2012","08","17","13:00"
"-133.50","68.75","TRAIL VALLEY","220N005","2012-08-17 14:00","2012","08","17","14:00"
"-133.50","68.75","TRAIL VALLEY","220N005","2012-08-17 15:00","2012","08","17","15:00"
"-133.50","68.75","TRAIL VALLEY","220N005","2012-08-17 16:00","2012","08","17","16:00"
"-133.50","68.75","TRAIL VALLEY","220N005","2012-08-17 17:00","2012","08","17","17:00"
"-133.50","68.75","TRAIL VALLEY","220N005","2012-08-17 18:00","2012","08","17","18:00"
"-133.50","68.75","TRAIL VALLEY","220N005","2012-08-17 19:00","2012","08","17","19:00"
"-133.50","68.75","TRAIL VALLEY","220N005","2012-08-17 20:00","2012","08","17","20:00"
"-133.50","68.75","TRAIL VALLEY","220N005","2012-08-17 21:00","2012","08","17","21:00"
"-133.50","68.75","TRAIL VALLEY","220N005","2012-08-17 22:00","2012","08","17","22:00"
"-133.50","68.75","TRAIL VALLEY","220N005","2012-08-17 23:00","2012","08","17","23:00"
"-133.50","68.75","TRAIL VALLEY","220N005","2012-08-18 00:00","2012","08","18","00:00"
"-133.50","68.75","TRAIL VALLEY","220N005","2012-08-18 01:00","2012","08","18","01:00"
"-133.50","68.75","TRAIL VALLEY","220N005","2012-08-18 02:00","2012","08","18","02:00"
"-133.50","68.75","TRAIL VALLEY","220N005","2012-08-18 03:00","2012","08","18","03:00"
"-133.50","68.75","TRAIL VALLEY","220N005","2012-08-18 04:00","2012","08","18","04:00"
"-133.50","68.75","TRAIL VALLEY","220N005","2012-08-18 05:00","2012","08","18","05:00"
"-133.50","68.75","TRAIL VALLEY","220N005","2012-08-18 06:00","2012","08","18","06:00"
"-133.50","68.75","TRAIL VALLEY","220N005","2012-08-18 07:00","2012","08","18","07:00"
"-133.50","68.75","TRAIL VALLEY","220N005","2012-08-18 08:00","2012","08","18","08:00"
"-133.50","68.75","TRAIL VALLEY","220N005","2012-08-18 09:00","2012","08","18","09:00"
"-133.50","68.75","TRAIL VALLEY","220N005","2012-08-18 10:00","2012","08","18","10:00"
"-133.50","68.75","TRAIL VALLEY","220N005","2012-08-18 11:00","2012","08","18","11:00"
"-133.50","68.75","TRAIL VALLEY","220N005","2012-08-18 12:00","2012","08","18","12:00"
"-133.50","68.75","TRAIL VALLEY","220N005","2012-08-18 13:00","2012","08","18","13:00"
"-133.50","68.75","TRAIL VALLEY","220N005","2012-08-18 14:00","2012","08","18","14:00"
"-133.50","68.75","TRAIL VALLEY","220N005","2012-08-18 15:00","2012","08","18","15:00"
"-133.50","68.75","TRAIL VALLEY","220N005","2012-08-18 16:00","2012","08","18","16:00"
"-133.50","68.75","TRAIL VALLEY","220N005","2012-08-18 17:00","2012","08","18","17:00"
"-133.50","68.75","TRAIL VALLEY","220N005","2012-08-18 18:00","2012","08","18","18:00"
"-133.50","68.75","TRAIL VALLEY","220N005","2012-08-18 19:00","2012","08","18","19:00"
"-133.50","68.75","TRAIL VALLEY","220N005","2012-08-18 20:00","2012","08","18","20:00"
"-133.50","68.75","TRAIL VALLEY","220N005","2012-08-18 21:00","2012","08","18","21:00"
"-133.50","68.75","TRAIL VALLEY","220N005","2012-08-18 22:00","2012","08","18","22:00"
"-133.50","68.75","TRAIL VALLEY","220N005","2012-08-18 23:00","2012","08","18","23:00"
"-133.50","68.75","TRAIL VALLEY","220N005","2012-08-19 00:00","2012","08","19","00:00"
"-133.50","68.75","TRAIL VALLEY","220N005","2012-08-19 01:00","2012","08","19","01:00"
"-133.50","68.75","TRAIL VALLEY","220N005","2012-08-19 02:00","2012","08","19","02:00"
"-133.50","68.75","TRAIL VALLEY","220N005","2012-08-19 03:00","2012","08","19","03:00"
"-133.50","68.75","TRAIL VALLEY","220N005","2012-08-19 04:00","2012","08","19","04:00"
"-133.50","68.75","TRAIL VALLEY","220N005","2012-08-19 05:00","2012","08","19","05:00"
"-133.50","68.75","TRAIL VALLEY","220N005","2012-08-19 06:00","2012","08","19","06:00"
"-133.50","68.75","TRAIL VALLEY","220N005","2012-08-19 07:00","2012","08","19","07:00"
"-133.50","68.75","TRAIL VALLEY","220N005","2012-08-19 08:00","2012","08","19","08:00"
"-133.50","68.75","TRAIL VALLEY","220N005","2012-08-19 09:00","2012","08","19","09:00"
"-133.50","68.75","TRAIL VALLEY","220N005","2012-08-19 10:00","2012","08","19","10:00"
"-133.50","68.75","TRAIL VALLEY","220N005","2012-08-19 11:00","2012","08","19","11:00"
"-133.50","68.75","TRAIL VALLEY","220N005","2012-08-19 12:00","2012","08","19","12:00"
"-133.50","68.75","TRAIL VALLEY","220N005","2012-08-19 13:00","2012","08","19","13:00"
"-133.50","68.75","TRAIL VALLEY","220N005","2012-08-19 14:00","2012","08","19","14:00"
"-133.50","68.75","TRAIL VALLEY","220N005","2012-08-19 15:00","2012","08","19","15:00"
"-133.50","68.75","TRAIL VALLEY","220N005","2012-08-19 16:00","2012","08","19","16:00"
"-133.50","68.75","TRAIL VALLEY","220N005","2012-08-19 17:00","2012","08","19","17:00"
"-133.50","68.75","TRAIL VALLEY","220N005","2012-08-19 18:00","2012","08","19","18:00"
"-133.50","68.75","TRAIL VALLEY","220N005","2012-08-19 19:00","2012","08","19","19:00"
"-133.50","68.75","TRAIL VALLEY","220N005","2012-08-19 20:00","2012","08","19","20:00"
"-133.50","68.75","TRAIL VALLEY","220N005","2012-08-19 21:00","2012","08","19","21:00"
"-133.50","68.75","TRAIL VALLEY","220N005","2012-08-19 22:00","2012","08","19","22:00"
"-133.50","68.75","TRAIL VALLEY","220N005","2012-08-19 23:00","2012","08","19","23:00"
"-133.50","68.75","TRAIL VALLEY","220N005","2012-08-20 00:00","2012","08","20","00:00"
"-133.50","68.75","TRAIL VALLEY","220N005","2012-08-20 01:00","2012","08","20","01:00"
"-133.50","68.75","TRAIL VALLEY","220N005","2012-08-20 02:00","2012","08","20","02:00"
"-133.50","68.75","TRAIL VALLEY","220N005","2012-08-20 03:00","2012","08","20","03:00"
"-133.50","68.75","TRAIL VALLEY","220N005","2012-08-20 04:00","2012","08","20","04:00"
"-133.50","68.75","TRAIL VALLEY","220N005","2012-08-20 05:00","2012","08","20","05:00"
"-133.50","68.75","TRAIL VALLEY","220N005","2012-08-20 06:00","2012","08","20","06:00"
"-133.50","68.75","TRAIL VALLEY","220N005","2012-08-20 07:00","2012","08","20","07:00"
"-133.50","68.75","TRAIL VALLEY","220N005","2012-08-20 08:00","2012","08","20","08:00"
"-133.50","68.75","TRAIL VALLEY","220N005","2012-08-20 09:00","2012","08","20","09:00"
"-133.50","68.75","TRAIL VALLEY","220N005","2012-08-20 10:00","2012","08","20","10:00"
"-133.50","68.75","TRAIL VALLEY","220N005","2012-08-20 11:00","2012","08","20","11:00"
"-133.50","68.75","TRAIL VALLEY","220N005","2012-08-20 12:00","2012","08","20","12:00"
"-133.50","68.75","TRAIL VALLEY","220N005","2012-08-20 13:00","2012","08","20","13:00"
"-133.50","68.75","TRAIL VALLEY","220N005","2012-08-20 14:00","2012","08","20","14:00"
"-133.50","68.75","TRAIL VALLEY","220N005","2012-08-20 15:00","2012","08","20","15:00"
"-133.50","68.75","TRAIL VALLEY","220N005","2012-08-20 16:00","2012","08","20","16:00"
"-133.50","68.75","TRAIL VALLEY","220N005","2012-08-20 17:00","2012","08","20","17:00"
"-133.50","68.75","TRAIL VALLEY","220N005","2012-08-20 18:00","2012","08","20","18:00"
"-133.50","68.75","TRAIL VALLEY","220N005","2012-08-20 19:00","2012","08","20","19:00"
"-133.50","68.75","TRAIL VALLEY","220N005","2012-08-20 20:00","2012","08","20","20:00"
"-133.50","68.75","TRAIL VALLEY","220N005","2012-08-20 21:00","2012","08","20","21:00"
"-133.50","68.75","TRAIL VALLEY","220N005","2012-08-20 22:00","2012","08","20","22:00"
"-133.50","68.75","TRAIL VALLEY","220N005","2012-08-20 23:00","2012","08","20","23:00"
"-133.50","68.75","TRAIL VALLEY","220N005","2012-08-21 00:00","2012","08","21","00:00"
"-133.50","68.75","TRAIL VALLEY","220N005","2012-08-21 01:00","2012","08","21","01:00"
"-133.50","68.75","TRAIL VALLEY","220N005","2012-08-21 02:00","2012","08","21","02:00"
"-133.50","68.75","TRAIL VALLEY","220N005","2012-08-21 03:00","2012","08","21","03:00"
"-133.50","68.75","TRAIL VALLEY","220N005","2012-08-21 04:00","2012","08","21","04:00"
"-133.50","68.75","TRAIL VALLEY","220N005","2012-08-21 05:00","2012","08","21","05:00"
"-133.50","68.75","TRAIL VALLEY","220N005","2012-08-21 06:00","2012","08","21","06:00"
"-133.50","68.75","TRAIL VALLEY","220N005","2012-08-21 07:00","2012","08","21","07:00"
"-133.50","68.75","TRAIL VALLEY","220N005","2012-08-21 08:00","2012","08","21","08:00"
"-133.50","68.75","TRAIL VALLEY","220N005","2012-08-21 09:00","2012","08","21","09:00"
"-133.50","68.75","TRAIL VALLEY","220N005","2012-08-21 10:00","2012","08","21","10:00"
"-133.50","68.75","TRAIL VALLEY","220N005","2012-08-21 11:00","2012","08","21","11:00"
"-133.50","68.75","TRAIL VALLEY","220N005","2012-08-21 12:00","2012","08","21","12:00"
"-133.50","68.75","TRAIL VALLEY","220N005","2012-08-21 13:00","2012","08","21","13:00"
"-133.50","68.75","TRAIL VALLEY","220N005","2012-08-21 14:00","2012","08","21","14:00"
"-133.50","68.75","TRAIL VALLEY","220N005","2012-08-21 15:00","2012","08","21","15:00"
"-133.50","68.75","TRAIL VALLEY","220N005","2012-08-21 16:00","2012","08","21","16:00"
"-133.50","68.75","TRAIL VALLEY","220N005","2012-08-21 17:00","2012","08","21","17:00"
"-133.50","68.75","TRAIL VALLEY","220N005","2012-08-21 18:00","2012","08","21","18:00"
"-133.50","68.75","TRAIL VALLEY","220N005","2012-08-21 19:00","2012","08","21","19:00"
"-133.50","68.75","TRAIL VALLEY","220N005","2012-08-21 20:00","2012","08","21","20:00"
"-133.50","68.75","TRAIL VALLEY","220N005","2012-08-21 21:00","2012","08","21","21:00"
"-133.50","68.75","TRAIL VALLEY","220N005","2012-08-21 22:00","2012","08","21","22:00"
"-133.50","68.75","TRAIL VALLEY","220N005","2012-08-21 23:00","2012","08","21","23:00"
"-133.50","68.75","TRAIL VALLEY","220N005","2012-08-22 00:00","2012","08","22","00:00"
"-133.50","68.75","TRAIL VALLEY","220N005","2012-08-22 01:00","2012","08","22","01:00"
"-133.50","68.75","TRAIL VALLEY","220N005","2012-08-22 02:00","2012","08","22","02:00"
"-133.50","68.75","TRAIL VALLEY","220N005","2012-08-22 03:00","2012","08","22","03:00"
"-133.50","68.75","TRAIL VALLEY","220N005","2012-08-22 04:00","2012","08","22","04:00"
"-133.50","68.75","TRAIL VALLEY","220N005","2012-08-22 05:00","2012","08","22","05:00"
"-133.50","68.75","TRAIL VALLEY","220N005","2012-08-22 06:00","2012","08","22","06:00"
"-133.50","68.75","TRAIL VALLEY","220N005","2012-08-22 07:00","2012","08","22","07:00"
"-133.50","68.75","TRAIL VALLEY","220N005","2012-08-22 08:00","2012","08","22","08:00"
"-133.50","68.75","TRAIL VALLEY","220N005","2012-08-22 09:00","2012","08","22","09:00"
"-133.50","68.75","TRAIL VALLEY","220N005","2012-08-22 10:00","2012","08","22","10:00"
"-133.50","68.75","TRAIL VALLEY","220N005","2012-08-22 11:00","2012","08","22","11:00"
"-133.50","68.75","TRAIL VALLEY","220N005","2012-08-22 12:00","2012","08","22","12:00"
"-133.50","68.75","TRAIL VALLEY","220N005","2012-08-22 13:00","2012","08","22","13:00"
"-133.50","68.75","TRAIL VALLEY","220N005","2012-08-22 14:00","2012","08","22","14:00"
"-133.50","68.75","TRAIL VALLEY","220N005","2012-08-22 15:00","2012","08","22","15:00"
"-133.50","68.75","TRAIL VALLEY","220N005","2012-08-22 16:00","2012","08","22","16:00"
"-133.50","68.75","TRAIL VALLEY","220N005","2012-08-22 17:00","2012","08","22","17:00"
"-133.50","68.75","TRAIL VALLEY","220N005","2012-08-22 18:00","2012","08","22","18:00"
"-133.50","68.75","TRAIL VALLEY","220N005","2012-08-22 19:00","2012","08","22","19:00"
"-133.50","68.75","TRAIL VALLEY","220N005","2012-08-22 20:00","2012","08","22","20:00"
"-133.50","68.75","TRAIL VALLEY","220N005","2012-08-22 21:00","2012","08","22","21:00"
"-133.50","68.75","TRAIL VALLEY","220N005","2012-08-22 22:00","2012","08","22","22:00"
"-133.50","68.75","TRAIL VALLEY","220N005","2012-08-22 23:00","2012","08","22","23:00"
"-133.50","68.75","TRAIL VALLEY","220N005","2012-08-23 00:00","2012","08","23","00:00"
"-133.50","68.75","TRAIL VALLEY","220N005","2012-08-23 01:00","2012","08","23","01:00"
"-133.50","68.75","TRAIL VALLEY","220N005","2012-08-23 02:00","2012","08","23","02:00"
"-133.50","68.75","TRAIL VALLEY","220N005","2012-08-23 03:00","2012","08","23","03:00"
"-133.50","68.75","TRAIL VALLEY","220N005","2012-08-23 04:00","2012","08","23","04:00"
"-133.50","68.75","TRAIL VALLEY","220N005","2012-08-23 05:00","2012","08","23","05:00"
"-133.50","68.75","TRAIL VALLEY","220N005","2012-08-23 06:00","2012","08","23","06:00"
"-133.50","68.75","TRAIL VALLEY","220N005","2012-08-23 07:00","2012","08","23","07:00"
"-133.50","68.75","TRAIL VALLEY","220N005","2012-08-23 08:00","2012","08","23","08:00"
"-133.50","68.75","TRAIL VALLEY","220N005","2012-08-23 09:00","2012","08","23","09:00"
"-133.50","68.75","TRAIL VALLEY","220N005","2012-08-23 10:00","2012","08","23","10:00"
"-133.50","68.75","TRAIL VALLEY","220N005","2012-08-23 11:00","2012","08","23","11:00"
"-133.50","68.75","TRAIL VALLEY","220N005","2012-08-23 12:00","2012","08","23","12:00"
"-133.50","68.75","TRAIL VALLEY","220N005","2012-08-23 13:00","2012","08","23","13:00"
"-133.50","68.75","TRAIL VALLEY","220N005","2012-08-23 14:00","2012","08","23","14:00"
"-133.50","68.75","TRAIL VALLEY","220N005","2012-08-23 15:00","2012","08","23","15:00"
"-133.50","68.75","TRAIL VALLEY","220N005","2012-08-23 16:00","2012","08","23","16:00"
"-133.50","68.75","TRAIL VALLEY","220N005","2012-08-23 17:00","2012","08","23","17:00"
"-133.50","68.75","TRAIL VALLEY","220N005","2012-08-23 18:00","2012","08","23","18:00"
"-133.50","68.75","TRAIL VALLEY","220N005","2012-08-23 19:00","2012","08","23","19:00"
"-133.50","68.75","TRAIL VALLEY","220N005","2012-08-23 20:00","2012","08","23","20:00"
"-133.50","68.75","TRAIL VALLEY","220N005","2012-08-23 21:00","2012","08","23","21:00"
"-133.50","68.75","TRAIL VALLEY","220N005","2012-08-23 22:00","2012","08","23","22:00"
"-133.50","68.75","TRAIL VALLEY","220N005","2012-08-23 23:00","2012","08","23","23:00"
"-133.50","68.75","TRAIL VALLEY","220N005","2012-08-24 00:00","2012","08","24","00:00"
"-133.50","68.75","TRAIL VALLEY","220N005","2012-08-24 01:00","2012","08","24","01:00"
"-133.50","68.75","TRAIL VALLEY","220N005","2012-08-24 02:00","2012","08","24","02:00"
"-133.50","68.75","TRAIL VALLEY","220N005","2012-08-24 03:00","2012","08","24","03:00"
"-133.50","68.75","TRAIL VALLEY","220N005","2012-08-24 04:00","2012","08","24","04:00"
"-133.50","68.75","TRAIL VALLEY","220N005","2012-08-24 05:00","2012","08","24","05:00"
"-133.50","68.75","TRAIL VALLEY","220N005","2012-08-24 06:00","2012","08","24","06:00"
"-133.50","68.75","TRAIL VALLEY","220N005","2012-08-24 07:00","2012","08","24","07:00"
"-133.50","68.75","TRAIL VALLEY","220N005","2012-08-24 08:00","2012","08","24","08:00"
"-133.50","68.75","TRAIL VALLEY","220N005","2012-08-24 09:00","2012","08","24","09:00"
"-133.50","68.75","TRAIL VALLEY","220N005","2012-08-24 10:00","2012","08","24","10:00"
"-133.50","68.75","TRAIL VALLEY","220N005","2012-08-24 11:00","2012","08","24","11:00"
"-133.50","68.75","TRAIL VALLEY","220N005","2012-08-24 12:00","2012","08","24","12:00"
"-133.50","68.75","TRAIL VALLEY","220N005","2012-08-24 13:00","2012","08","24","13:00"
"-133.50","68.75","TRAIL VALLEY","220N005","2012-08-24 14:00","2012","08","24","14:00"
"-133.50","68.75","TRAIL VALLEY","220N005","2012-08-24 15:00","2012","08","24","15:00"
"-133.50","68.75","TRAIL VALLEY","220N005","2012-08-24 16:00","2012","08","24","16:00"
"-133.50","68.75","TRAIL VALLEY","220N005","2012-08-24 17:00","2012","08","24","17:00"
"-133.50","68.75","TRAIL VALLEY","220N005","2012-08-24 18:00","2012","08","24","18:00"
"-133.50","68.75","TRAIL VALLEY","220N005","2012-08-24 19:00","2012","08","24","19:00"
"-133.50","68.75","TRAIL VALLEY","220N005","2012-08-24 20:00","2012","08","24","20:00"
"-133.50","68.75","TRAIL VALLEY","220N005","2012-08-24 21:00","2012","08","24","21:00"
"-133.50","68.75","TRAIL VALLEY","220N005","2012-08-24 22:00","2012","08","24","22:00"
"-133.50","68.75","TRAIL VALLEY","220N005","2012-08-24 23:00","2012","08","24","23:00"
"-133.50","68.75","TRAIL VALLEY","220N005","2012-08-25 00:00","2012","08","25","00:00"
"-133.50","68.75","TRAIL VALLEY","220N005","2012-08-25 01:00","2012","08","25","01:00"
"-133.50","68.75","TRAIL VALLEY","220N005","2012-08-25 02:00","2012","08","25","02:00"
"-133.50","68.75","TRAIL VALLEY","220N005","2012-08-25 03:00","2012","08","25","03:00"
"-133.50","68.75","TRAIL VALLEY","220N005","2012-08-25 04:00","2012","08","25","04:00"
"-133.50","68.75","TRAIL VALLEY","220N005","2012-08-25 05:00","2012","08","25","05:00"
"-133.50","68.75","TRAIL VALLEY","220N005","2012-08-25 06:00","2012","08","25","06:00"
"-133.50","68.75","TRAIL VALLEY","220N005","2012-08-25 07:00","2012","08","25","07:00"
"-133.50","68.75","TRAIL VALLEY","220N005","2012-08-25 08:00","2012","08","25","08:00"
"-133.50","68.75","TRAIL VALLEY","220N005","2012-08-25 09:00","2012","08","25","09:00"
"-133.50","68.75","TRAIL VALLEY","220N005","2012-08-25 10:00","2012","08","25","10:00"
"-133.50","68.75","TRAIL VALLEY","220N005","2012-08-25 11:00","2012","08","25","11:00"
"-133.50","68.75","TRAIL VALLEY","220N005","2012-08-25 12:00","2012","08","25","12:00"
"-133.50","68.75","TRAIL VALLEY","220N005","2012-08-25 13:00","2012","08","25","13:00"
"-133.50","68.75","TRAIL VALLEY","220N005","2012-08-25 14:00","2012","08","25","14:00"
"-133.50","68.75","TRAIL VALLEY","220N005","2012-08-25 15:00","2012","08","25","15:00"
"-133.50","68.75","TRAIL VALLEY","220N005","2012-08-25 16:00","2012","08","25","16:00"
"-133.50","68.75","TRAIL VALLEY","220N005","2012-08-25 17:00","2012","08","25","17:00"
"-133.50","68.75","TRAIL VALLEY","220N005","2012-08-25 18:00","2012","08","25","18:00"
"-133.50","68.75","TRAIL VALLEY","220N005","2012-08-25 19:00","2012","08","25","19:00"
"-133.50","68.75","TRAIL VALLEY","220N005","2012-08-25 20:00","2012","08","25","20:00"
"-133.50","68.75","TRAIL VALLEY","220N005","2012-08-25 21:00","2012","08","25","21:00"
"-133.50","68.75","TRAIL VALLEY","220N005","2012-08-25 22:00","2012","08","25","22:00"
"-133.50","68.75","TRAIL VALLEY","220N005","2012-08-25 23:00","2012","08","25","23:00"
"-133.50","68.75","TRAIL VALLEY","220N005","2012-08-26 00:00","2012","08","26","00:00"
"-133.50","68.75","TRAIL VALLEY","220N005","2012-08-26 01:00","2012","08","26","01:00"
"-133.50","68.75","TRAIL VALLEY","220N005","2012-08-26 02:00","2012","08","26","02:00"
"-133.50","68.75","TRAIL VALLEY","220N005","2012-08-26 03:00","2012","08","26","03:00"
"-133.50","68.75","TRAIL VALLEY","220N005","2012-08-26 04:00","2012","08","26","04:00"
"-133.50","68.75","TRAIL VALLEY","220N005","2012-08-26 05:00","2012","08","26","05:00","9.9","","","M","","M","","","21","","28","","","","99.50","","","","","","NA"
"-133.50","68.75","TRAIL VALLEY","220N005","2012-08-26 06:00","2012","08","26","06:00"
"-133.50","68.75","TRAIL VALLEY","220N005","2012-08-26 07:00","2012","08","26","07:00"
"-133.50","68.75","TRAIL VALLEY","220N005","2012-08-26 08:00","2012","08","26","08:00"
"-133.50","68.75","TRAIL VALLEY","220N005","2012-08-26 09:00","2012","08","26","09:00"
"-133.50","68.75","TRAIL VALLEY","220N005","2012-08-26 10:00","2012","08","26","10:00"
"-133.50","68.75","TRAIL VALLEY","220N005","2012-08-26 11:00","2012","08","26","11:00"
"-133.50","68.75","TRAIL VALLEY","220N005","2012-08-26 12:00","2012","08","26","12:00"
"-133.50","68.75","TRAIL VALLEY","220N005","2012-08-26 13:00","2012","08","26","13:00"
"-133.50","68.75","TRAIL VALLEY","220N005","2012-08-26 14:00","2012","08","26","14:00"
"-133.50","68.75","TRAIL VALLEY","220N005","2012-08-26 15:00","2012","08","26","15:00"
"-133.50","68.75","TRAIL VALLEY","220N005","2012-08-26 16:00","2012","08","26","16:00"
"-133.50","68.75","TRAIL VALLEY","220N005","2012-08-26 17:00","2012","08","26","17:00"
"-133.50","68.75","TRAIL VALLEY","220N005","2012-08-26 18:00","2012","08","26","18:00"
"-133.50","68.75","TRAIL VALLEY","220N005","2012-08-26 19:00","2012","08","26","19:00"
"-133.50","68.75","TRAIL VALLEY","220N005","2012-08-26 20:00","2012","08","26","20:00"
"-133.50","68.75","TRAIL VALLEY","220N005","2012-08-26 21:00","2012","08","26","21:00"
"-133.50","68.75","TRAIL VALLEY","220N005","2012-08-26 22:00","2012","08","26","22:00"
"-133.50","68.75","TRAIL VALLEY","220N005","2012-08-26 23:00","2012","08","26","23:00"
"-133.50","68.75","TRAIL VALLEY","220N005","2012-08-27 00:00","2012","08","27","00:00"
"-133.50","68.75","TRAIL VALLEY","220N005","2012-08-27 01:00","2012","08","27","01:00"
"-133.50","68.75","TRAIL VALLEY","220N005","2012-08-27 02:00","2012","08","27","02:00"
"-133.50","68.75","TRAIL VALLEY","220N005","2012-08-27 03:00","2012","08","27","03:00"
"-133.50","68.75","TRAIL VALLEY","220N005","2012-08-27 04:00","2012","08","27","04:00"
"-133.50","68.75","TRAIL VALLEY","220N005","2012-08-27 05:00","2012","08","27","05:00"
"-133.50","68.75","TRAIL VALLEY","220N005","2012-08-27 06:00","2012","08","27","06:00"
"-133.50","68.75","TRAIL VALLEY","220N005","2012-08-27 07:00","2012","08","27","07:00"
"-133.50","68.75","TRAIL VALLEY","220N005","2012-08-27 08:00","2012","08","27","08:00"
"-133.50","68.75","TRAIL VALLEY","220N005","2012-08-27 09:00","2012","08","27","09:00"
"-133.50","68.75","TRAIL VALLEY","220N005","2012-08-27 10:00","2012","08","27","10:00"
"-133.50","68.75","TRAIL VALLEY","220N005","2012-08-27 11:00","2012","08","27","11:00"
"-133.50","68.75","TRAIL VALLEY","220N005","2012-08-27 12:00","2012","08","27","12:00"
"-133.50","68.75","TRAIL VALLEY","220N005","2012-08-27 13:00","2012","08","27","13:00"
"-133.50","68.75","TRAIL VALLEY","220N005","2012-08-27 14:00","2012","08","27","14:00"
"-133.50","68.75","TRAIL VALLEY","220N005","2012-08-27 15:00","2012","08","27","15:00"
"-133.50","68.75","TRAIL VALLEY","220N005","2012-08-27 16:00","2012","08","27","16:00"
"-133.50","68.75","TRAIL VALLEY","220N005","2012-08-27 17:00","2012","08","27","17:00"
"-133.50","68.75","TRAIL VALLEY","220N005","2012-08-27 18:00","2012","08","27","18:00"
"-133.50","68.75","TRAIL VALLEY","220N005","2012-08-27 19:00","2012","08","27","19:00"
"-133.50","68.75","TRAIL VALLEY","220N005","2012-08-27 20:00","2012","08","27","20:00"
"-133.50","68.75","TRAIL VALLEY","220N005","2012-08-27 21:00","2012","08","27","21:00"
"-133.50","68.75","TRAIL VALLEY","220N005","2012-08-27 22:00","2012","08","27","22:00"
"-133.50","68.75","TRAIL VALLEY","220N005","2012-08-27 23:00","2012","08","27","23:00"
"-133.50","68.75","TRAIL VALLEY","220N005","2012-08-28 00:00","2012","08","28","00:00"
"-133.50","68.75","TRAIL VALLEY","220N005","2012-08-28 01:00","2012","08","28","01:00"
"-133.50","68.75","TRAIL VALLEY","220N005","2012-08-28 02:00","2012","08","28","02:00"
"-133.50","68.75","TRAIL VALLEY","220N005","2012-08-28 03:00","2012","08","28","03:00"
"-133.50","68.75","TRAIL VALLEY","220N005","2012-08-28 04:00","2012","08","28","04:00"
"-133.50","68.75","TRAIL VALLEY","220N005","2012-08-28 05:00","2012","08","28","05:00"
"-133.50","68.75","TRAIL VALLEY","220N005","2012-08-28 06:00","2012","08","28","06:00"
"-133.50","68.75","TRAIL VALLEY","220N005","2012-08-28 07:00","2012","08","28","07:00"
"-133.50","68.75","TRAIL VALLEY","220N005","2012-08-28 08:00","2012","08","28","08:00"
"-133.50","68.75","TRAIL VALLEY","220N005","2012-08-28 09:00","2012","08","28","09:00"
"-133.50","68.75","TRAIL VALLEY","220N005","2012-08-28 10:00","2012","08","28","10:00"
"-133.50","68.75","TRAIL VALLEY","220N005","2012-08-28 11:00","2012","08","28","11:00"
"-133.50","68.75","TRAIL VALLEY","220N005","2012-08-28 12:00","2012","08","28","12:00"
"-133.50","68.75","TRAIL VALLEY","220N005","2012-08-28 13:00","2012","08","28","13:00"
"-133.50","68.75","TRAIL VALLEY","220N005","2012-08-28 14:00","2012","08","28","14:00"
"-133.50","68.75","TRAIL VALLEY","220N005","2012-08-28 15:00","2012","08","28","15:00"
"-133.50","68.75","TRAIL VALLEY","220N005","2012-08-28 16:00","2012","08","28","16:00"
"-133.50","68.75","TRAIL VALLEY","220N005","2012-08-28 17:00","2012","08","28","17:00"
"-133.50","68.75","TRAIL VALLEY","220N005","2012-08-28 18:00","2012","08","28","18:00"
"-133.50","68.75","TRAIL VALLEY","220N005","2012-08-28 19:00","2012","08","28","19:00"
"-133.50","68.75","TRAIL VALLEY","220N005","2012-08-28 20:00","2012","08","28","20:00"
"-133.50","68.75","TRAIL VALLEY","220N005","2012-08-28 21:00","2012","08","28","21:00"
"-133.50","68.75","TRAIL VALLEY","220N005","2012-08-28 22:00","2012","08","28","22:00"
"-133.50","68.75","TRAIL VALLEY","220N005","2012-08-28 23:00","2012","08","28","23:00"
"-133.50","68.75","TRAIL VALLEY","220N005","2012-08-29 00:00","2012","08","29","00:00"
"-133.50","68.75","TRAIL VALLEY","220N005","2012-08-29 01:00","2012","08","29","01:00"
"-133.50","68.75","TRAIL VALLEY","220N005","2012-08-29 02:00","2012","08","29","02:00"
"-133.50","68.75","TRAIL VALLEY","220N005","2012-08-29 03:00","2012","08","29","03:00"
"-133.50","68.75","TRAIL VALLEY","220N005","2012-08-29 04:00","2012","08","29","04:00"
"-133.50","68.75","TRAIL VALLEY","220N005","2012-08-29 05:00","2012","08","29","05:00"
"-133.50","68.75","TRAIL VALLEY","220N005","2012-08-29 06:00","2012","08","29","06:00"
"-133.50","68.75","TRAIL VALLEY","220N005","2012-08-29 07:00","2012","08","29","07:00"
"-133.50","68.75","TRAIL VALLEY","220N005","2012-08-29 08:00","2012","08","29","08:00"
"-133.50","68.75","TRAIL VALLEY","220N005","2012-08-29 09:00","2012","08","29","09:00"
"-133.50","68.75","TRAIL VALLEY","220N005","2012-08-29 10:00","2012","08","29","10:00"
"-133.50","68.75","TRAIL VALLEY","220N005","2012-08-29 11:00","2012","08","29","11:00"
"-133.50","68.75","TRAIL VALLEY","220N005","2012-08-29 12:00","2012","08","29","12:00"
"-133.50","68.75","TRAIL VALLEY","220N005","2012-08-29 13:00","2012","08","29","13:00"
"-133.50","68.75","TRAIL VALLEY","220N005","2012-08-29 14:00","2012","08","29","14:00"
"-133.50","68.75","TRAIL VALLEY","220N005","2012-08-29 15:00","2012","08","29","15:00"
"-133.50","68.75","TRAIL VALLEY","220N005","2012-08-29 16:00","2012","08","29","16:00"
"-133.50","68.75","TRAIL VALLEY","220N005","2012-08-29 17:00","2012","08","29","17:00"
"-133.50","68.75","TRAIL VALLEY","220N005","2012-08-29 18:00","2012","08","29","18:00"
"-133.50","68.75","TRAIL VALLEY","220N005","2012-08-29 19:00","2012","08","29","19:00"
"-133.50","68.75","TRAIL VALLEY","220N005","2012-08-29 20:00","2012","08","29","20:00"
"-133.50","68.75","TRAIL VALLEY","220N005","2012-08-29 21:00","2012","08","29","21:00"
"-133.50","68.75","TRAIL VALLEY","220N005","2012-08-29 22:00","2012","08","29","22:00"
"-133.50","68.75","TRAIL VALLEY","220N005","2012-08-29 23:00","2012","08","29","23:00"
"-133.50","68.75","TRAIL VALLEY","220N005","2012-08-30 00:00","2012","08","30","00:00"
"-133.50","68.75","TRAIL VALLEY","220N005","2012-08-30 01:00","2012","08","30","01:00"
"-133.50","68.75","TRAIL VALLEY","220N005","2012-08-30 02:00","2012","08","30","02:00"
"-133.50","68.75","TRAIL VALLEY","220N005","2012-08-30 03:00","2012","08","30","03:00"
"-133.50","68.75","TRAIL VALLEY","220N005","2012-08-30 04:00","2012","08","30","04:00"
"-133.50","68.75","TRAIL VALLEY","220N005","2012-08-30 05:00","2012","08","30","05:00"
"-133.50","68.75","TRAIL VALLEY","220N005","2012-08-30 06:00","2012","08","30","06:00"
"-133.50","68.75","TRAIL VALLEY","220N005","2012-08-30 07:00","2012","08","30","07:00"
"-133.50","68.75","TRAIL VALLEY","220N005","2012-08-30 08:00","2012","08","30","08:00"
"-133.50","68.75","TRAIL VALLEY","220N005","2012-08-30 09:00","2012","08","30","09:00"
"-133.50","68.75","TRAIL VALLEY","220N005","2012-08-30 10:00","2012","08","30","10:00"
"-133.50","68.75","TRAIL VALLEY","220N005","2012-08-30 11:00","2012","08","30","11:00"
"-133.50","68.75","TRAIL VALLEY","220N005","2012-08-30 12:00","2012","08","30","12:00"
"-133.50","68.75","TRAIL VALLEY","220N005","2012-08-30 13:00","2012","08","30","13:00"
"-133.50","68.75","TRAIL VALLEY","220N005","2012-08-30 14:00","2012","08","30","14:00"
"-133.50","68.75","TRAIL VALLEY","220N005","2012-08-30 15:00","2012","08","30","15:00"
"-133.50","68.75","TRAIL VALLEY","220N005","2012-08-30 16:00","2012","08","30","16:00"
"-133.50","68.75","TRAIL VALLEY","220N005","2012-08-30 17:00","2012","08","30","17:00"
"-133.50","68.75","TRAIL VALLEY","220N005","2012-08-30 18:00","2012","08","30","18:00"
"-133.50","68.75","TRAIL VALLEY","220N005","2012-08-30 19:00","2012","08","30","19:00"
"-133.50","68.75","TRAIL VALLEY","220N005","2012-08-30 20:00","2012","08","30","20:00"
"-133.50","68.75","TRAIL VALLEY","220N005","2012-08-30 21:00","2012","08","30","21:00"
"-133.50","68.75","TRAIL VALLEY","220N005","2012-08-30 22:00","2012","08","30","22:00"
"-133.50","68.75","TRAIL VALLEY","220N005","2012-08-30 23:00","2012","08","30","23:00"
"-133.50","68.75","TRAIL VALLEY","220N005","2012-08-31 00:00","2012","08","31","00:00"
"-133.50","68.75","TRAIL VALLEY","220N005","2012-08-31 01:00","2012","08","31","01:00"
"-133.50","68.75","TRAIL VALLEY","220N005","2012-08-31 02:00","2012","08","31","02:00"
"-133.50","68.75","TRAIL VALLEY","220N005","2012-08-31 03:00","2012","08","31","03:00"
"-133.50","68.75","TRAIL VALLEY","220N005","2012-08-31 04:00","2012","08","31","04:00"
"-133.50","68.75","TRAIL VALLEY","220N005","2012-08-31 05:00","2012","08","31","05:00"
"-133.50","68.75","TRAIL VALLEY","220N005","2012-08-31 06:00","2012","08","31","06:00"
"-133.50","68.75","TRAIL VALLEY","220N005","2012-08-31 07:00","2012","08","31","07:00"
"-133.50","68.75","TRAIL VALLEY","220N005","2012-08-31 08:00","2012","08","31","08:00"
"-133.50","68.75","TRAIL VALLEY","220N005","2012-08-31 09:00","2012","08","31","09:00"
"-133.50","68.75","TRAIL VALLEY","220N005","2012-08-31 10:00","2012","08","31","10:00"
"-133.50","68.75","TRAIL VALLEY","220N005","2012-08-31 11:00","2012","08","31","11:00"
"-133.50","68.75","TRAIL VALLEY","220N005","2012-08-31 12:00","2012","08","31","12:00"
"-133.50","68.75","TRAIL VALLEY","220N005","2012-08-31 13:00","2012","08","31","13:00"
"-133.50","68.75","TRAIL VALLEY","220N005","2012-08-31 14:00","2012","08","31","14:00"
"-133.50","68.75","TRAIL VALLEY","220N005","2012-08-31 15:00","2012","08","31","15:00"
"-133.50","68.75","TRAIL VALLEY","220N005","2012-08-31 16:00","2012","08","31","16:00"
"-133.50","68.75","TRAIL VALLEY","220N005","2012-08-31 17:00","2012","08","31","17:00"
"-133.50","68.75","TRAIL VALLEY","220N005","2012-08-31 18:00","2012","08","31","18:00"
"-133.50","68.75","TRAIL VALLEY","220N005","2012-08-31 19:00","2012","08","31","19:00"
"-133.50","68.75","TRAIL VALLEY","220N005","2012-08-31 20:00","2012","08","31","20:00"
"-133.50","68.75","TRAIL VALLEY","220N005","2012-08-31 21:00","2012","08","31","21:00"
"-133.50","68.75","TRAIL VALLEY","220N005","2012-08-31 22:00","2012","08","31","22:00"
"-133.50","68.75","TRAIL VALLEY","220N005","2012-08-31 23:00","2012","08","31","23:00"
