"Longitude (x)","Latitude (y)","Station Name","Climate ID","Date/Time","Year","Month","Day","Data Quality","Max Temp (°C)","Max Temp Flag","Min Temp (°C)","Min Temp Flag","Mean Temp (°C)","Mean Temp Flag","Heat Deg Days (°C)","Heat Deg Days Flag","Cool Deg Days (°C)","Cool Deg Days Flag","Total Rain (mm)","Total Rain Flag","Total Snow (cm)","Total Snow Flag","Total Precip (mm)","Total Precip Flag","Snow on Grnd (cm)","Snow on Grnd Flag","Dir of Max Gust (10s deg)","Dir of Max Gust Flag","Spd of Max Gust (km/h)","Spd of Max Gust Flag"
"-138.77","69.35","STOKES POINT","2101050","1967-01-01","1967","01","01","","","","","","","","","","","","","","","","","","","","","","",""
"-138.77","69.35","STOKES POINT","2101050","1967-01-02","1967","01","02","","","","","","","","","","","","","","","","","","","","","","",""
"-138.77","69.35","STOKES POINT","2101050","1967-01-03","1967","01","03","","","","","","","","","","","","","","","","","","","","","","",""
"-138.77","69.35","STOKES POINT","2101050","1967-01-04","1967","01","04","","","","","","","","","","","","","","","","","","","","","","",""
"-138.77","69.35","STOKES POINT","2101050","1967-01-05","1967","01","05","","","","","","","","","","","","","","","","","","","","","","",""
"-138.77","69.35","STOKES POINT","2101050","1967-01-06","1967","01","06","","","","","","","","","","","","","","","","","","","","","","",""
"-138.77","69.35","STOKES POINT","2101050","1967-01-07","1967","01","07","","","","","","","","","","","","","","","","","","","","","","",""
"-138.77","69.35","STOKES POINT","2101050","1967-01-08","1967","01","08","","","","","","","","","","","","","","","","","","","","","","",""
"-138.77","69.35","STOKES POINT","2101050","1967-01-09","1967","01","09","","","","","","","","","","","","","","","","","","","","","","",""
"-138.77","69.35","STOKES POINT","2101050","1967-01-10","1967","01","10","","","","","","","","","","","","","","","","","","","","","","",""
"-138.77","69.35","STOKES POINT","2101050","1967-01-11","1967","01","11","","","","","","","","","","","","","","","","","","","","","","",""
"-138.77","69.35","STOKES POINT","2101050","1967-01-12","1967","01","12","","","","","","","","","","","","","","","","","","","","","","",""
"-138.77","69.35","STOKES POINT","2101050","1967-01-13","1967","01","13","","","","","","","","","","","","","","","","","","","","","","",""
"-138.77","69.35","STOKES POINT","2101050","1967-01-14","1967","01","14","","","","","","","","","","","","","","","","","","","","","","",""
"-138.77","69.35","STOKES POINT","2101050","1967-01-15","1967","01","15","","","","","","","","","","","","","","","","","","","","","","",""
"-138.77","69.35","STOKES POINT","2101050","1967-01-16","1967","01","16","","","","","","","","","","","","","","","","","","","","","","",""
"-138.77","69.35","STOKES POINT","2101050","1967-01-17","1967","01","17","","","","","","","","","","","","","","","","","","","","","","",""
"-138.77","69.35","STOKES POINT","2101050","1967-01-18","1967","01","18","","","","","","","","","","","","","","","","","","","","","","",""
"-138.77","69.35","STOKES POINT","2101050","1967-01-19","1967","01","19","","","","","","","","","","","","","","","","","","","","","","",""
"-138.77","69.35","STOKES POINT","2101050","1967-01-20","1967","01","20","","","","","","","","","","","","","","","","","","","","","","",""
"-138.77","69.35","STOKES POINT","2101050","1967-01-21","1967","01","21","","","","","","","","","","","","","","","","","","","","","","",""
"-138.77","69.35","STOKES POINT","2101050","1967-01-22","1967","01","22","","","","","","","","","","","","","","","","","","","","","","",""
"-138.77","69.35","STOKES POINT","2101050","1967-01-23","1967","01","23","","","","","","","","","","","","","","","","","","","","","","",""
"-138.77","69.35","STOKES POINT","2101050","1967-01-24","1967","01","24","","","","","","","","","","","","","","","","","","","","","","",""
"-138.77","69.35","STOKES POINT","2101050","1967-01-25","1967","01","25","","","","","","","","","","","","","","","","","","","","","","",""
"-138.77","69.35","STOKES POINT","2101050","1967-01-26","1967","01","26","","","","","","","","","","","","","","","","","","","","","","",""
"-138.77","69.35","STOKES POINT","2101050","1967-01-27","1967","01","27","","","","","","","","","","","","","","","","","","","","","","",""
"-138.77","69.35","STOKES POINT","2101050","1967-01-28","1967","01","28","","","","","","","","","","","","","","","","","","","","","","",""
"-138.77","69.35","STOKES POINT","2101050","1967-01-29","1967","01","29","","","","","","","","","","","","","","","","","","","","","","",""
"-138.77","69.35","STOKES POINT","2101050","1967-01-30","1967","01","30","","","","","","","","","","","","","","","","","","","","","","",""
"-138.77","69.35","STOKES POINT","2101050","1967-01-31","1967","01","31","","","","","","","","","","","","","","","","","","","","","","",""
"-138.77","69.35","STOKES POINT","2101050","1967-02-01","1967","02","01","","","","","","","","","","","","","","","","","","","","","","",""
"-138.77","69.35","STOKES POINT","2101050","1967-02-02","1967","02","02","","","","","","","","","","","","","","","","","","","","","","",""
"-138.77","69.35","STOKES POINT","2101050","1967-02-03","1967","02","03","","","","","","","","","","","","","","","","","","","","","","",""
"-138.77","69.35","STOKES POINT","2101050","1967-02-04","1967","02","04","","","","","","","","","","","","","","","","","","","","","","",""
"-138.77","69.35","STOKES POINT","2101050","1967-02-05","1967","02","05","","","","","","","","","","","","","","","","","","","","","","",""
"-138.77","69.35","STOKES POINT","2101050","1967-02-06","1967","02","06","","","","","","","","","","","","","","","","","","","","","","",""
"-138.77","69.35","STOKES POINT","2101050","1967-02-07","1967","02","07","","","","","","","","","","","","","","","","","","","","","","",""
"-138.77","69.35","STOKES POINT","2101050","1967-02-08","1967","02","08","","","","","","","","","","","","","","","","","","","","","","",""
"-138.77","69.35","STOKES POINT","2101050","1967-02-09","1967","02","09","","","","","","","","","","","","","","","","","","","","","","",""
"-138.77","69.35","STOKES POINT","2101050","1967-02-10","1967","02","10","","","","","","","","","","","","","","","","","","","","","","",""
"-138.77","69.35","STOKES POINT","2101050","1967-02-11","1967","02","11","","","","","","","","","","","","","","","","","","","","","","",""
"-138.77","69.35","STOKES POINT","2101050","1967-02-12","1967","02","12","","","","","","","","","","","","","","","","","","","","","","",""
"-138.77","69.35","STOKES POINT","2101050","1967-02-13","1967","02","13","","","","","","","","","","","","","","","","","","","","","","",""
"-138.77","69.35","STOKES POINT","2101050","1967-02-14","1967","02","14","","","","","","","","","","","","","","","","","","","","","","",""
"-138.77","69.35","STOKES POINT","2101050","1967-02-15","1967","02","15","","","","","","","","","","","","","","","","","","","","","","",""
"-138.77","69.35","STOKES POINT","2101050","1967-02-16","1967","02","16","","","","","","","","","","","","","","","","","","","","","","",""
"-138.77","69.35","STOKES POINT","2101050","1967-02-17","1967","02","17","","","","","","","","","","","","","","","","","","","","","","",""
"-138.77","69.35","STOKES POINT","2101050","1967-02-18","1967","02","18","","","","","","","","","","","","","","","","","","","","","","",""
"-138.77","69.35","STOKES POINT","2101050","1967-02-19","1967","02","19","","","","","","","","","","","","","","","","","","","","","","",""
"-138.77","69.35","STOKES POINT","2101050","1967-02-20","1967","02","20","","","","","","","","","","","","","","","","","","","","","","",""
"-138.77","69.35","STOKES POINT","2101050","1967-02-21","1967","02","21","","","","","","","","","","","","","","","","","","","","","","",""
"-138.77","69.35","STOKES POINT","2101050","1967-02-22","1967","02","22","","","","","","","","","","","","","","","","","","","","","","",""
"-138.77","69.35","STOKES POINT","2101050","1967-02-23","1967","02","23","","","","","","","","","","","","","","","","","","","","","","",""
"-138.77","69.35","STOKES POINT","2101050","1967-02-24","1967","02","24","","","","","","","","","","","","","","","","","","","","","","",""
"-138.77","69.35","STOKES POINT","2101050","1967-02-25","1967","02","25","","","","","","","","","","","","","","","","","","","","","","",""
"-138.77","69.35","STOKES POINT","2101050","1967-02-26","1967","02","26","","","","","","","","","","","","","","","","","","","","","","",""
"-138.77","69.35","STOKES POINT","2101050","1967-02-27","1967","02","27","","","","","","","","","","","","","","","","","","","","","","",""
"-138.77","69.35","STOKES POINT","2101050","1967-02-28","1967","02","28","","","","","","","","","","","","","","","","","","","","","","",""
"-138.77","69.35","STOKES POINT","2101050","1967-03-01","1967","03","01","","","","","","","","","","","","","","","","","","","","","","",""
"-138.77","69.35","STOKES POINT","2101050","1967-03-02","1967","03","02","","","","","","","","","","","","","","","","","","","","","","",""
"-138.77","69.35","STOKES POINT","2101050","1967-03-03","1967","03","03","","","","","","","","","","","","","","","","","","","","","","",""
"-138.77","69.35","STOKES POINT","2101050","1967-03-04","1967","03","04","","","","","","","","","","","","","","","","","","","","","","",""
"-138.77","69.35","STOKES POINT","2101050","1967-03-05","1967","03","05","","","","","","","","","","","","","","","","","","","","","","",""
"-138.77","69.35","STOKES POINT","2101050","1967-03-06","1967","03","06","","","","","","","","","","","","","","","","","","","","","","",""
"-138.77","69.35","STOKES POINT","2101050","1967-03-07","1967","03","07","","","","","","","","","","","","","","","","","","","","","","",""
"-138.77","69.35","STOKES POINT","2101050","1967-03-08","1967","03","08","","","","","","","","","","","","","","","","","","","","","","",""
"-138.77","69.35","STOKES POINT","2101050","1967-03-09","1967","03","09","","","","","","","","","","","","","","","","","","","","","","",""
"-138.77","69.35","STOKES POINT","2101050","1967-03-10","1967","03","10","","","","","","","","","","","","","","","","","","","","","","",""
"-138.77","69.35","STOKES POINT","2101050","1967-03-11","1967","03","11","","","","","","","","","","","","","","","","","","","","","","",""
"-138.77","69.35","STOKES POINT","2101050","1967-03-12","1967","03","12","","","","","","","","","","","","","","","","","","","","","","",""
"-138.77","69.35","STOKES POINT","2101050","1967-03-13","1967","03","13","","","","","","","","","","","","","","","","","","","","","","",""
"-138.77","69.35","STOKES POINT","2101050","1967-03-14","1967","03","14","","","","","","","","","","","","","","","","","","","","","","",""
"-138.77","69.35","STOKES POINT","2101050","1967-03-15","1967","03","15","","","","","","","","","","","","","","","","","","","","","","",""
"-138.77","69.35","STOKES POINT","2101050","1967-03-16","1967","03","16","","","","","","","","","","","","","","","","","","","","","","",""
"-138.77","69.35","STOKES POINT","2101050","1967-03-17","1967","03","17","","","","","","","","","","","","","","","","","","","","","","",""
"-138.77","69.35","STOKES POINT","2101050","1967-03-18","1967","03","18","","","","","","","","","","","","","","","","","","","","","","",""
"-138.77","69.35","STOKES POINT","2101050","1967-03-19","1967","03","19","","","","","","","","","","","","","","","","","","","","","","",""
"-138.77","69.35","STOKES POINT","2101050","1967-03-20","1967","03","20","","","","","","","","","","","","","","","","","","","","","","",""
"-138.77","69.35","STOKES POINT","2101050","1967-03-21","1967","03","21","","","","","","","","","","","","","","","","","","","","","","",""
"-138.77","69.35","STOKES POINT","2101050","1967-03-22","1967","03","22","","","","","","","","","","","","","","","","","","","","","","",""
"-138.77","69.35","STOKES POINT","2101050","1967-03-23","1967","03","23","","","","","","","","","","","","","","","","","","","","","","",""
"-138.77","69.35","STOKES POINT","2101050","1967-03-24","1967","03","24","","","","","","","","","","","","","","","","","","","","","","",""
"-138.77","69.35","STOKES POINT","2101050","1967-03-25","1967","03","25","","","","","","","","","","","","","","","","","","","","","","",""
"-138.77","69.35","STOKES POINT","2101050","1967-03-26","1967","03","26","","","","","","","","","","","","","","","","","","","","","","",""
"-138.77","69.35","STOKES POINT","2101050","1967-03-27","1967","03","27","","","","","","","","","","","","","","","","","","","","","","",""
"-138.77","69.35","STOKES POINT","2101050","1967-03-28","1967","03","28","","","","","","","","","","","","","","","","","","","","","","",""
"-138.77","69.35","STOKES POINT","2101050","1967-03-29","1967","03","29","","","","","","","","","","","","","","","","","","","","","","",""
"-138.77","69.35","STOKES POINT","2101050","1967-03-30","1967","03","30","","","","","","","","","","","","","","","","","","","","","","",""
"-138.77","69.35","STOKES POINT","2101050","1967-03-31","1967","03","31","","","","","","","","","","","","","","","","","","","","","","",""
"-138.77","69.35","STOKES POINT","2101050","1967-04-01","1967","04","01","","","","","","","","","","","","","","","","","","","","","","",""
"-138.77","69.35","STOKES POINT","2101050","1967-04-02","1967","04","02","","","","","","","","","","","","","","","","","","","","","","",""
"-138.77","69.35","STOKES POINT","2101050","1967-04-03","1967","04","03","","","","","","","","","","","","","","","","","","","","","","",""
"-138.77","69.35","STOKES POINT","2101050","1967-04-04","1967","04","04","","","","","","","","","","","","","","","","","","","","","","",""
"-138.77","69.35","STOKES POINT","2101050","1967-04-05","1967","04","05","","","","","","","","","","","","","","","","","","","","","","",""
"-138.77","69.35","STOKES POINT","2101050","1967-04-06","1967","04","06","","","","","","","","","","","","","","","","","","","","","","",""
"-138.77","69.35","STOKES POINT","2101050","1967-04-07","1967","04","07","","","","","","","","","","","","","","","","","","","","","","",""
"-138.77","69.35","STOKES POINT","2101050","1967-04-08","1967","04","08","","","","","","","","","","","","","","","","","","","","","","",""
"-138.77","69.35","STOKES POINT","2101050","1967-04-09","1967","04","09","","","","","","","","","","","","","","","","","","","","","","",""
"-138.77","69.35","STOKES POINT","2101050","1967-04-10","1967","04","10","","","","","","","","","","","","","","","","","","","","","","",""
"-138.77","69.35","STOKES POINT","2101050","1967-04-11","1967","04","11","","","","","","","","","","","","","","","","","","","","","","",""
"-138.77","69.35","STOKES POINT","2101050","1967-04-12","1967","04","12","","","","","","","","","","","","","","","","","","","","","","",""
"-138.77","69.35","STOKES POINT","2101050","1967-04-13","1967","04","13","","","","","","","","","","","","","","","","","","","","","","",""
"-138.77","69.35","STOKES POINT","2101050","1967-04-14","1967","04","14","","","","","","","","","","","","","","","","","","","","","","",""
"-138.77","69.35","STOKES POINT","2101050","1967-04-15","1967","04","15","","","","","","","","","","","","","","","","","","","","","","",""
"-138.77","69.35","STOKES POINT","2101050","1967-04-16","1967","04","16","","","","","","","","","","","","","","","","","","","","","","",""
"-138.77","69.35","STOKES POINT","2101050","1967-04-17","1967","04","17","","","","","","","","","","","","","","","","","","","","","","",""
"-138.77","69.35","STOKES POINT","2101050","1967-04-18","1967","04","18","","","","","","","","","","","","","","","","","","","","","","",""
"-138.77","69.35","STOKES POINT","2101050","1967-04-19","1967","04","19","","","","","","","","","","","","","","","","","","","","","","",""
"-138.77","69.35","STOKES POINT","2101050","1967-04-20","1967","04","20","","","","","","","","","","","","","","","","","","","","","","",""
"-138.77","69.35","STOKES POINT","2101050","1967-04-21","1967","04","21","","","","","","","","","","","","","","","","","","","","","","",""
"-138.77","69.35","STOKES POINT","2101050","1967-04-22","1967","04","22","","","","","","","","","","","","","","","","","","","","","","",""
"-138.77","69.35","STOKES POINT","2101050","1967-04-23","1967","04","23","","","","","","","","","","","","","","","","","","","","","","",""
"-138.77","69.35","STOKES POINT","2101050","1967-04-24","1967","04","24","","","","","","","","","","","","","","","","","","","","","","",""
"-138.77","69.35","STOKES POINT","2101050","1967-04-25","1967","04","25","","","","","","","","","","","","","","","","","","","","","","",""
"-138.77","69.35","STOKES POINT","2101050","1967-04-26","1967","04","26","","","","","","","","","","","","","","","","","","","","","","",""
"-138.77","69.35","STOKES POINT","2101050","1967-04-27","1967","04","27","","","","","","","","","","","","","","","","","","","","","","",""
"-138.77","69.35","STOKES POINT","2101050","1967-04-28","1967","04","28","","","","","","","","","","","","","","","","","","","","","","",""
"-138.77","69.35","STOKES POINT","2101050","1967-04-29","1967","04","29","","","","","","","","","","","","","","","","","","","","","","",""
"-138.77","69.35","STOKES POINT","2101050","1967-04-30","1967","04","30","","","","","","","","","","","","","","","","","","","","","","",""
"-138.77","69.35","STOKES POINT","2101050","1967-05-01","1967","05","01","","","","","","","","","","","","","","","","","","","","","","",""
"-138.77","69.35","STOKES POINT","2101050","1967-05-02","1967","05","02","","","","","","","","","","","","","","","","","","","","","","",""
"-138.77","69.35","STOKES POINT","2101050","1967-05-03","1967","05","03","","","","","","","","","","","","","","","","","","","","","","",""
"-138.77","69.35","STOKES POINT","2101050","1967-05-04","1967","05","04","","","","","","","","","","","","","","","","","","","","","","",""
"-138.77","69.35","STOKES POINT","2101050","1967-05-05","1967","05","05","","","","","","","","","","","","","","","","","","","","","","",""
"-138.77","69.35","STOKES POINT","2101050","1967-05-06","1967","05","06","","","","","","","","","","","","","","","","","","","","","","",""
"-138.77","69.35","STOKES POINT","2101050","1967-05-07","1967","05","07","","","","","","","","","","","","","","","","","","","","","","",""
"-138.77","69.35","STOKES POINT","2101050","1967-05-08","1967","05","08","","","","","","","","","","","","","","","","","","","","","","",""
"-138.77","69.35","STOKES POINT","2101050","1967-05-09","1967","05","09","","","","","","","","","","","","","","","","","","","","","","",""
"-138.77","69.35","STOKES POINT","2101050","1967-05-10","1967","05","10","","","","","","","","","","","","","","","","","","","","","","",""
"-138.77","69.35","STOKES POINT","2101050","1967-05-11","1967","05","11","","","","","","","","","","","","","","","","","","","","","","",""
"-138.77","69.35","STOKES POINT","2101050","1967-05-12","1967","05","12","","","","","","","","","","","","","","","","","","","","","","",""
"-138.77","69.35","STOKES POINT","2101050","1967-05-13","1967","05","13","","","","","","","","","","","","","","","","","","","","","","",""
"-138.77","69.35","STOKES POINT","2101050","1967-05-14","1967","05","14","","","","","","","","","","","","","","","","","","","","","","",""
"-138.77","69.35","STOKES POINT","2101050","1967-05-15","1967","05","15","","","","","","","","","","","","","","","","","","","","","","",""
"-138.77","69.35","STOKES POINT","2101050","1967-05-16","1967","05","16","","","","","","","","","","","","","","","","","","","","","","",""
"-138.77","69.35","STOKES POINT","2101050","1967-05-17","1967","05","17","","","","","","","","","","","","","","","","","","","","","","",""
"-138.77","69.35","STOKES POINT","2101050","1967-05-18","1967","05","18","","","","","","","","","","","","","","","","","","","","","","",""
"-138.77","69.35","STOKES POINT","2101050","1967-05-19","1967","05","19","","","","","","","","","","","","","","","","","","","","","","",""
"-138.77","69.35","STOKES POINT","2101050","1967-05-20","1967","05","20","","","","","","","","","","","","","","","","","","","","","","",""
"-138.77","69.35","STOKES POINT","2101050","1967-05-21","1967","05","21","","","","","","","","","","","","","","","","","","","","","","",""
"-138.77","69.35","STOKES POINT","2101050","1967-05-22","1967","05","22","","","","","","","","","","","","","","","","","","","","","","",""
"-138.77","69.35","STOKES POINT","2101050","1967-05-23","1967","05","23","","","","","","","","","","","","","","","","","","","","","","",""
"-138.77","69.35","STOKES POINT","2101050","1967-05-24","1967","05","24","","","","","","","","","","","","","","","","","","","","","","",""
"-138.77","69.35","STOKES POINT","2101050","1967-05-25","1967","05","25","","","","","","","","","","","","","","","","","","","","","","",""
"-138.77","69.35","STOKES POINT","2101050","1967-05-26","1967","05","26","","","","","","","","","","","","","","","","","","","","","","",""
"-138.77","69.35","STOKES POINT","2101050","1967-05-27","1967","05","27","","","","","","","","","","","","","","","","","","","","","","",""
"-138.77","69.35","STOKES POINT","2101050","1967-05-28","1967","05","28","","","","","","","","","","","","","","","","","","","","","","",""
"-138.77","69.35","STOKES POINT","2101050","1967-05-29","1967","05","29","","","","","","","","","","","","","","","","","","","","","","",""
"-138.77","69.35","STOKES POINT","2101050","1967-05-30","1967","05","30","","","","","","","","","","","","","","","","","","","","","","",""
"-138.77","69.35","STOKES POINT","2101050","1967-05-31","1967","05","31","","","","","","","","","","","","","","","","","","","","","","",""
"-138.77","69.35","STOKES POINT","2101050","1967-06-01","1967","06","01","","","","","","","","","","","","","","","","","","","","","","",""
"-138.77","69.35","STOKES POINT","2101050","1967-06-02","1967","06","02","","","","","","","","","","","","","","","","","","","","","","",""
"-138.77","69.35","STOKES POINT","2101050","1967-06-03","1967","06","03","","","","","","","","","","","","","","","","","","","","","","",""
"-138.77","69.35","STOKES POINT","2101050","1967-06-04","1967","06","04","","","","","","","","","","","","","","","","","","","","","","",""
"-138.77","69.35","STOKES POINT","2101050","1967-06-05","1967","06","05","","","","","","","","","","","","","","","","","","","","","","",""
"-138.77","69.35","STOKES POINT","2101050","1967-06-06","1967","06","06","","","","","","","","","","","","","","","","","","","","","","",""
"-138.77","69.35","STOKES POINT","2101050","1967-06-07","1967","06","07","","","","","","","","","","","","","","","","","","","","","","",""
"-138.77","69.35","STOKES POINT","2101050","1967-06-08","1967","06","08","","","","","","","","","","","","","","","","","","","","","","",""
"-138.77","69.35","STOKES POINT","2101050","1967-06-09","1967","06","09","","","","","","","","","","","","","","","","","","","","","","",""
"-138.77","69.35","STOKES POINT","2101050","1967-06-10","1967","06","10","","","","","","","","","","","","","","","","","","","","","","",""
"-138.77","69.35","STOKES POINT","2101050","1967-06-11","1967","06","11","","","","","","","","","","","","","","","","","","","","","","",""
"-138.77","69.35","STOKES POINT","2101050","1967-06-12","1967","06","12","","","","","","","","","","","","","","","","","","","","","","",""
"-138.77","69.35","STOKES POINT","2101050","1967-06-13","1967","06","13","","","","","","","","","","","","","","","","","","","","","","",""
"-138.77","69.35","STOKES POINT","2101050","1967-06-14","1967","06","14","","","","","","","","","","","","","","","","","","","","","","",""
"-138.77","69.35","STOKES POINT","2101050","1967-06-15","1967","06","15","","","","","","","","","","","","","","","","","","","","","","",""
"-138.77","69.35","STOKES POINT","2101050","1967-06-16","1967","06","16","","","","","","","","","","","","","","","","","","","","","","",""
"-138.77","69.35","STOKES POINT","2101050","1967-06-17","1967","06","17","","","","","","","","","","","","","","","","","","","","","","",""
"-138.77","69.35","STOKES POINT","2101050","1967-06-18","1967","06","18","","","","","","","","","","","","","","","","","","","","","","",""
"-138.77","69.35","STOKES POINT","2101050","1967-06-19","1967","06","19","","","","","","","","","","","","","","","","","","","","","","",""
"-138.77","69.35","STOKES POINT","2101050","1967-06-20","1967","06","20","","","","","","","","","","","","","","","","","","","","","","",""
"-138.77","69.35","STOKES POINT","2101050","1967-06-21","1967","06","21","","","","","","","","","","","","","","","","","","","","","","",""
"-138.77","69.35","STOKES POINT","2101050","1967-06-22","1967","06","22","","","","","","","","","","","","","","","","","","","","","","",""
"-138.77","69.35","STOKES POINT","2101050","1967-06-23","1967","06","23","","","","","","","","","","","","","","","","","","","","","","",""
"-138.77","69.35","STOKES POINT","2101050","1967-06-24","1967","06","24","","","","","","","","","","","","","","","","","","","","","","",""
"-138.77","69.35","STOKES POINT","2101050","1967-06-25","1967","06","25","","","","","","","","","","","","","","","","","","","","","","",""
"-138.77","69.35","STOKES POINT","2101050","1967-06-26","1967","06","26","","","","","","","","","","","","","","","","","","","","","","",""
"-138.77","69.35","STOKES POINT","2101050","1967-06-27","1967","06","27","","","","","","","","","","","","","","","","","","","","","","",""
"-138.77","69.35","STOKES POINT","2101050","1967-06-28","1967","06","28","","","","","","","","","","","","","","","","","","","","","","",""
"-138.77","69.35","STOKES POINT","2101050","1967-06-29","1967","06","29","","","","","","","","","","","","","","","","","","","","","","",""
"-138.77","69.35","STOKES POINT","2101050","1967-06-30","1967","06","30","","","","","","","","","","","","","","","","","","","","","","",""
"-138.77","69.35","STOKES POINT","2101050","1967-07-01","1967","07","01","","","","","","","","","","","","","","","","","","","","","","",""
"-138.77","69.35","STOKES POINT","2101050","1967-07-02","1967","07","02","","","","","","","","","","","","","","","","","","","","","","",""
"-138.77","69.35","STOKES POINT","2101050","1967-07-03","1967","07","03","","","","","","","","","","","","","","","","","","","","","","",""
"-138.77","69.35","STOKES POINT","2101050","1967-07-04","1967","07","04","","","","","","","","","","","","","","","","","","","","","","",""
"-138.77","69.35","STOKES POINT","2101050","1967-07-05","1967","07","05","","","","","","","","","","","","","","","","","","","","","","",""
"-138.77","69.35","STOKES POINT","2101050","1967-07-06","1967","07","06","","","","","","","","","","","","","","","","","","","","","","",""
"-138.77","69.35","STOKES POINT","2101050","1967-07-07","1967","07","07","","","","","","","","","","","","","","","","","","","","","","",""
"-138.77","69.35","STOKES POINT","2101050","1967-07-08","1967","07","08","","","","","","","","","","","","","","","","","","","","","","",""
"-138.77","69.35","STOKES POINT","2101050","1967-07-09","1967","07","09","","","","","","","","","","","","","","","","","","","","","","",""
"-138.77","69.35","STOKES POINT","2101050","1967-07-10","1967","07","10","","","","","","","","","","","","","","","","","","","","","","",""
"-138.77","69.35","STOKES POINT","2101050","1967-07-11","1967","07","11","","","","","","","","","","","","","","","","","","","","","","",""
"-138.77","69.35","STOKES POINT","2101050","1967-07-12","1967","07","12","","","","","","","","","","","","","","","","","","","","","","",""
"-138.77","69.35","STOKES POINT","2101050","1967-07-13","1967","07","13","","","","","","","","","","","","","","","","","","","","","","",""
"-138.77","69.35","STOKES POINT","2101050","1967-07-14","1967","07","14","","","","","","","","","","","","","","","","","","","","","","",""
"-138.77","69.35","STOKES POINT","2101050","1967-07-15","1967","07","15","","","","","","","","","","","","","","","","","","","","","","",""
"-138.77","69.35","STOKES POINT","2101050","1967-07-16","1967","07","16","","","","","","","","","","","","","","","","","","","","","","",""
"-138.77","69.35","STOKES POINT","2101050","1967-07-17","1967","07","17","","","","","","","","","","","","","","","","","","","","","","",""
"-138.77","69.35","STOKES POINT","2101050","1967-07-18","1967","07","18","","","","","","","","","","","","","","","","","","","","","","",""
"-138.77","69.35","STOKES POINT","2101050","1967-07-19","1967","07","19","","","","","","","","","","","","","","","","","","","","","","",""
"-138.77","69.35","STOKES POINT","2101050","1967-07-20","1967","07","20","","","","","","","","","","","","","","","","","","","","","","",""
"-138.77","69.35","STOKES POINT","2101050","1967-07-21","1967","07","21","","","","","","","","","","","","","","","","","","","","","","",""
"-138.77","69.35","STOKES POINT","2101050","1967-07-22","1967","07","22","","","","","","","","","","","","","","","","","","","","","","",""
"-138.77","69.35","STOKES POINT","2101050","1967-07-23","1967","07","23","","","","","","","","","","","","","","","","","","","","","","",""
"-138.77","69.35","STOKES POINT","2101050","1967-07-24","1967","07","24","","","","","","","","","","","","","","","","","","","","","","",""
"-138.77","69.35","STOKES POINT","2101050","1967-07-25","1967","07","25","","","","","","","","","","","","","","","","","","","","","","",""
"-138.77","69.35","STOKES POINT","2101050","1967-07-26","1967","07","26","","","","","","","","","","","","","","","","","","","","","","",""
"-138.77","69.35","STOKES POINT","2101050","1967-07-27","1967","07","27","","","","","","","","","","","","","","","","","","","","","","",""
"-138.77","69.35","STOKES POINT","2101050","1967-07-28","1967","07","28","","","","","","","","","","","","","","","","","","","","","","",""
"-138.77","69.35","STOKES POINT","2101050","1967-07-29","1967","07","29","","","","","","","","","","","","","","","","","","","","","","",""
"-138.77","69.35","STOKES POINT","2101050","1967-07-30","1967","07","30","","","","","","","","","","","","","","","","","","","","","","",""
"-138.77","69.35","STOKES POINT","2101050","1967-07-31","1967","07","31","","","","","","","","","","","","","","","","","","","","","","",""
"-138.77","69.35","STOKES POINT","2101050","1967-08-01","1967","08","01","","","","","","","","","","","","","","","","","","","","","","",""
"-138.77","69.35","STOKES POINT","2101050","1967-08-02","1967","08","02","","","","","","","","","","","","","","","","","","","","","","",""
"-138.77","69.35","STOKES POINT","2101050","1967-08-03","1967","08","03","","","","","","","","","","","","","","","","","","","","","","",""
"-138.77","69.35","STOKES POINT","2101050","1967-08-04","1967","08","04","","","","","","","","","","","","","","","","","","","","","","",""
"-138.77","69.35","STOKES POINT","2101050","1967-08-05","1967","08","05","","","","","","","","","","","","","","","","","","","","","","",""
"-138.77","69.35","STOKES POINT","2101050","1967-08-06","1967","08","06","","","","","","","","","","","","","","","","","","","","","","",""
"-138.77","69.35","STOKES POINT","2101050","1967-08-07","1967","08","07","","","","","","","","","","","","","","","","","","","","","","",""
"-138.77","69.35","STOKES POINT","2101050","1967-08-08","1967","08","08","","","","","","","","","","","","","","","","","","","","","","",""
"-138.77","69.35","STOKES POINT","2101050","1967-08-09","1967","08","09","","","","","","","","","","","","","","","","","","","","","","",""
"-138.77","69.35","STOKES POINT","2101050","1967-08-10","1967","08","10","","","","","","","","","","","","","","","","","","","","","","",""
"-138.77","69.35","STOKES POINT","2101050","1967-08-11","1967","08","11","","","","","","","","","","","","","","","","","","","","","","",""
"-138.77","69.35","STOKES POINT","2101050","1967-08-12","1967","08","12","","","","","","","","","","","","","","","","","","","","","","",""
"-138.77","69.35","STOKES POINT","2101050","1967-08-13","1967","08","13","","","","","","","","","","","","","","","","","","","","","","",""
"-138.77","69.35","STOKES POINT","2101050","1967-08-14","1967","08","14","","","","","","","","","","","","","","","","","","","","","","",""
"-138.77","69.35","STOKES POINT","2101050","1967-08-15","1967","08","15","","","","","","","","","","","","","","","","","","","","","","",""
"-138.77","69.35","STOKES POINT","2101050","1967-08-16","1967","08","16","","","","","","","","","","","","","","","","","","","","","","",""
"-138.77","69.35","STOKES POINT","2101050","1967-08-17","1967","08","17","","","","","","","","","","","","","","","","","","","","","","",""
"-138.77","69.35","STOKES POINT","2101050","1967-08-18","1967","08","18","","","","","","","","","","","","","","","","","","","","","","",""
"-138.77","69.35","STOKES POINT","2101050","1967-08-19","1967","08","19","","","","","","","","","","","","","","","","","","","","","","",""
"-138.77","69.35","STOKES POINT","2101050","1967-08-20","1967","08","20","","","","","","","","","","","","","","","","","","","","","","",""
"-138.77","69.35","STOKES POINT","2101050","1967-08-21","1967","08","21","","","","","","","","","","","","","","","","","","","","","","",""
"-138.77","69.35","STOKES POINT","2101050","1967-08-22","1967","08","22","","","","","","","","","","","","","","","","","","","","","","",""
"-138.77","69.35","STOKES POINT","2101050","1967-08-23","1967","08","23","","","","","","","","","","","","","","","","","","","","","","",""
"-138.77","69.35","STOKES POINT","2101050","1967-08-24","1967","08","24","","","","","","","","","","","","","","","","","","","","","","",""
"-138.77","69.35","STOKES POINT","2101050","1967-08-25","1967","08","25","","","","","","","","","","","","","","","","","","","","","","",""
"-138.77","69.35","STOKES POINT","2101050","1967-08-26","1967","08","26","","","","","","","","","","","","","","","","","","","","","","",""
"-138.77","69.35","STOKES POINT","2101050","1967-08-27","1967","08","27","","","","","","","","","","","","","","","","","","","","","","",""
"-138.77","69.35","STOKES POINT","2101050","1967-08-28","1967","08","28","","","","","","","","","","","","","","","","","","","","","","",""
"-138.77","69.35","STOKES POINT","2101050","1967-08-29","1967","08","29","","","","","","","","","","","","","","","","","","","","","","",""
"-138.77","69.35","STOKES POINT","2101050","1967-08-30","1967","08","30","","","","","","","","","","","","","","","","","","","","","","",""
"-138.77","69.35","STOKES POINT","2101050","1967-08-31","1967","08","31","","","","","","","","","","","","","","","","","","","","","","",""
"-138.77","69.35","STOKES POINT","2101050","1967-09-01","1967","09","01","","","","","","","","","","","","","","","","","","","","","","",""
"-138.77","69.35","STOKES POINT","2101050","1967-09-02","1967","09","02","","","","","","","","","","","","","","","","","","","","","","",""
"-138.77","69.35","STOKES POINT","2101050","1967-09-03","1967","09","03","","","","","","","","","","","","","","","","","","","","","","",""
"-138.77","69.35","STOKES POINT","2101050","1967-09-04","1967","09","04","","","","","","","","","","","","","","","","","","","","","","",""
"-138.77","69.35","STOKES POINT","2101050","1967-09-05","1967","09","05","","","","","","","","","","","","","","","","","","","","","","",""
"-138.77","69.35","STOKES POINT","2101050","1967-09-06","1967","09","06","","","","","","","","","","","","","","","","","","","","","","",""
"-138.77","69.35","STOKES POINT","2101050","1967-09-07","1967","09","07","","","","","","","","","","","","","","","","","","","","","","",""
"-138.77","69.35","STOKES POINT","2101050","1967-09-08","1967","09","08","","","","","","","","","","","","","","","","","","","","","","",""
"-138.77","69.35","STOKES POINT","2101050","1967-09-09","1967","09","09","","","","","","","","","","","","","","","","","","","","","","",""
"-138.77","69.35","STOKES POINT","2101050","1967-09-10","1967","09","10","","","","","","","","","","","","","","","","","","","","","","",""
"-138.77","69.35","STOKES POINT","2101050","1967-09-11","1967","09","11","","","","","","","","","","","","","","","","","","","","","","",""
"-138.77","69.35","STOKES POINT","2101050","1967-09-12","1967","09","12","","","","","","","","","","","","","","","","","","","","","","",""
"-138.77","69.35","STOKES POINT","2101050","1967-09-13","1967","09","13","","","","","","","","","","","","","","","","","","","","","","",""
"-138.77","69.35","STOKES POINT","2101050","1967-09-14","1967","09","14","","","","","","","","","","","","","","","","","","","","","","",""
"-138.77","69.35","STOKES POINT","2101050","1967-09-15","1967","09","15","","","","","","","","","","","","","","","","","","","","","","",""
"-138.77","69.35","STOKES POINT","2101050","1967-09-16","1967","09","16","","","","","","","","","","","","","","","","","","","","","","",""
"-138.77","69.35","STOKES POINT","2101050","1967-09-17","1967","09","17","","","","","","","","","","","","","","","","","","","","","","",""
"-138.77","69.35","STOKES POINT","2101050","1967-09-18","1967","09","18","","","","","","","","","","","","","","","","","","","","","","",""
"-138.77","69.35","STOKES POINT","2101050","1967-09-19","1967","09","19","","","","","","","","","","","","","","","","","","","","","","",""
"-138.77","69.35","STOKES POINT","2101050","1967-09-20","1967","09","20","","","","","","","","","","","","","","","","","","","","","","",""
"-138.77","69.35","STOKES POINT","2101050","1967-09-21","1967","09","21","","","","","","","","","","","","","","","","","","","","","","",""
"-138.77","69.35","STOKES POINT","2101050","1967-09-22","1967","09","22","","","","","","","","","","","","","","","","","","","","","","",""
"-138.77","69.35","STOKES POINT","2101050","1967-09-23","1967","09","23","","","","","","","","","","","","","","","","","","","","","","",""
"-138.77","69.35","STOKES POINT","2101050","1967-09-24","1967","09","24","","","","","","","","","","","","","","","","","","","","","","",""
"-138.77","69.35","STOKES POINT","2101050","1967-09-25","1967","09","25","","","","","","","","","","","","","","","","","","","","","","",""
"-138.77","69.35","STOKES POINT","2101050","1967-09-26","1967","09","26","","","","","","","","","","","","","","","","","","","","","","",""
"-138.77","69.35","STOKES POINT","2101050","1967-09-27","1967","09","27","","","","","","","","","","","","","","","","","","","","","","",""
"-138.77","69.35","STOKES POINT","2101050","1967-09-28","1967","09","28","","","","","","","","","","","","","","","","","","","","","","",""
"-138.77","69.35","STOKES POINT","2101050","1967-09-29","1967","09","29","","","","","","","","","","","","","","","","","","","","","","",""
"-138.77","69.35","STOKES POINT","2101050","1967-09-30","1967","09","30","","","","","","","","","","","","","","","","","","","","","","",""
"-138.77","69.35","STOKES POINT","2101050","1967-10-01","1967","10","01","","","","","","","","","","","","","","","","","","","","","","",""
"-138.77","69.35","STOKES POINT","2101050","1967-10-02","1967","10","02","","","","","","","","","","","","","","","","","","","","","","",""
"-138.77","69.35","STOKES POINT","2101050","1967-10-03","1967","10","03","","","","","","","","","","","","","","","","","","","","","","",""
"-138.77","69.35","STOKES POINT","2101050","1967-10-04","1967","10","04","","","","","","","","","","","","","","","","","","","","","","",""
"-138.77","69.35","STOKES POINT","2101050","1967-10-05","1967","10","05","","","","","","","","","","","","","","","","","","","","","","",""
"-138.77","69.35","STOKES POINT","2101050","1967-10-06","1967","10","06","","","","","","","","","","","","","","","","","","","","","","",""
"-138.77","69.35","STOKES POINT","2101050","1967-10-07","1967","10","07","","","","","","","","","","","","","","","","","","","","","","",""
"-138.77","69.35","STOKES POINT","2101050","1967-10-08","1967","10","08","","","","","","","","","","","","","","","","","","","","","","",""
"-138.77","69.35","STOKES POINT","2101050","1967-10-09","1967","10","09","","","","","","","","","","","","","","","","","","","","","","",""
"-138.77","69.35","STOKES POINT","2101050","1967-10-10","1967","10","10","","","","","","","","","","","","","","","","","","","","","","",""
"-138.77","69.35","STOKES POINT","2101050","1967-10-11","1967","10","11","","","","","","","","","","","","","","","","","","","","","","",""
"-138.77","69.35","STOKES POINT","2101050","1967-10-12","1967","10","12","","","","","","","","","","","","","","","","","","","","","","",""
"-138.77","69.35","STOKES POINT","2101050","1967-10-13","1967","10","13","","","","","","","","","","","","","","","","","","","","","","",""
"-138.77","69.35","STOKES POINT","2101050","1967-10-14","1967","10","14","","","","","","","","","","","","","","","","","","","","","","",""
"-138.77","69.35","STOKES POINT","2101050","1967-10-15","1967","10","15","","","","","","","","","","","","","","","","","","","","","","",""
"-138.77","69.35","STOKES POINT","2101050","1967-10-16","1967","10","16","","","","","","","","","","","","","","","","","","","","","","",""
"-138.77","69.35","STOKES POINT","2101050","1967-10-17","1967","10","17","","","","","","","","","","","","","","","","","","","","","","",""
"-138.77","69.35","STOKES POINT","2101050","1967-10-18","1967","10","18","","","","","","","","","","","","","","","","","","","","","","",""
"-138.77","69.35","STOKES POINT","2101050","1967-10-19","1967","10","19","","","","","","","","","","","","","","","","","","","","","","",""
"-138.77","69.35","STOKES POINT","2101050","1967-10-20","1967","10","20","","","","","","","","","","","","","","","","","","","","","","",""
"-138.77","69.35","STOKES POINT","2101050","1967-10-21","1967","10","21","","","","","","","","","","","","","","","","","","","","","","",""
"-138.77","69.35","STOKES POINT","2101050","1967-10-22","1967","10","22","","","","","","","","","","","","","","","","","","","","","","",""
"-138.77","69.35","STOKES POINT","2101050","1967-10-23","1967","10","23","","","","","","","","","","","","","","","","","","","","","","",""
"-138.77","69.35","STOKES POINT","2101050","1967-10-24","1967","10","24","","","","","","","","","","","","","","","","","","","","","","",""
"-138.77","69.35","STOKES POINT","2101050","1967-10-25","1967","10","25","","","","","","","","","","","","","","","","","","","","","","",""
"-138.77","69.35","STOKES POINT","2101050","1967-10-26","1967","10","26","","","","","","","","","","","","","","","","","","","","","","",""
"-138.77","69.35","STOKES POINT","2101050","1967-10-27","1967","10","27","","","","","","","","","","","","","","","","","","","","","","",""
"-138.77","69.35","STOKES POINT","2101050","1967-10-28","1967","10","28","","","","","","","","","","","","","","","","","","","","","","",""
"-138.77","69.35","STOKES POINT","2101050","1967-10-29","1967","10","29","","","","","","","","","","","","","","","","","","","","","","",""
"-138.77","69.35","STOKES POINT","2101050","1967-10-30","1967","10","30","","","","","","","","","","","","","","","","","","","","","","",""
"-138.77","69.35","STOKES POINT","2101050","1967-10-31","1967","10","31","","","","","","","","","","","","","","","","","","","","","","",""
"-138.77","69.35","STOKES POINT","2101050","1967-11-01","1967","11","01","","","","","","","","","","","","","","","","","","","","","","",""
"-138.77","69.35","STOKES POINT","2101050","1967-11-02","1967","11","02","","","","","","","","","","","","","","","","","","","","","","",""
"-138.77","69.35","STOKES POINT","2101050","1967-11-03","1967","11","03","","","","","","","","","","","","","","","","","","","","","","",""
"-138.77","69.35","STOKES POINT","2101050","1967-11-04","1967","11","04","","","","","","","","","","","","","","","","","","","","","","",""
"-138.77","69.35","STOKES POINT","2101050","1967-11-05","1967","11","05","","","","","","","","","","","","","","","","","","","","","","",""
"-138.77","69.35","STOKES POINT","2101050","1967-11-06","1967","11","06","","","","","","","","","","","","","","","","","","","","","","",""
"-138.77","69.35","STOKES POINT","2101050","1967-11-07","1967","11","07","","","","","","","","","","","","","","","","","","","","","","",""
"-138.77","69.35","STOKES POINT","2101050","1967-11-08","1967","11","08","","","","","","","","","","","","","","","","","","","","","","",""
"-138.77","69.35","STOKES POINT","2101050","1967-11-09","1967","11","09","","","","","","","","","","","","","","","","","","","","","","",""
"-138.77","69.35","STOKES POINT","2101050","1967-11-10","1967","11","10","","","","","","","","","","","","","","","","","","","","","","",""
"-138.77","69.35","STOKES POINT","2101050","1967-11-11","1967","11","11","","","","","","","","","","","","","","","","","","","","","","",""
"-138.77","69.35","STOKES POINT","2101050","1967-11-12","1967","11","12","","","","","","","","","","","","","","","","","","","","","","",""
"-138.77","69.35","STOKES POINT","2101050","1967-11-13","1967","11","13","","","","","","","","","","","","","","","","","","","","","","",""
"-138.77","69.35","STOKES POINT","2101050","1967-11-14","1967","11","14","","","","","","","","","","","","","","","","","","","","","","",""
"-138.77","69.35","STOKES POINT","2101050","1967-11-15","1967","11","15","","","","","","","","","","","","","","","","","","","","","","",""
"-138.77","69.35","STOKES POINT","2101050","1967-11-16","1967","11","16","","","","","","","","","","","","","","","","","","","","","","",""
"-138.77","69.35","STOKES POINT","2101050","1967-11-17","1967","11","17","","","","","","","","","","","","","","","","","","","","","","",""
"-138.77","69.35","STOKES POINT","2101050","1967-11-18","1967","11","18","","","","","","","","","","","","","","","","","","","","","","",""
"-138.77","69.35","STOKES POINT","2101050","1967-11-19","1967","11","19","","","","","","","","","","","","","","","","","","","","","","",""
"-138.77","69.35","STOKES POINT","2101050","1967-11-20","1967","11","20","","","","","","","","","","","","","","","","","","","","","","",""
"-138.77","69.35","STOKES POINT","2101050","1967-11-21","1967","11","21","","","","","","","","","","","","","","","","","","","","","","",""
"-138.77","69.35","STOKES POINT","2101050","1967-11-22","1967","11","22","","","","","","","","","","","","","","","","","","","","","","",""
"-138.77","69.35","STOKES POINT","2101050","1967-11-23","1967","11","23","","","","","","","","","","","","","","","","","","","","","","",""
"-138.77","69.35","STOKES POINT","2101050","1967-11-24","1967","11","24","","","","","","","","","","","","","","","","","","","","","","",""
"-138.77","69.35","STOKES POINT","2101050","1967-11-25","1967","11","25","","","","","","","","","","","","","","","","","","","","","","",""
"-138.77","69.35","STOKES POINT","2101050","1967-11-26","1967","11","26","","","","","","","","","","","","","","","","","","","","","","",""
"-138.77","69.35","STOKES POINT","2101050","1967-11-27","1967","11","27","","","","","","","","","","","","","","","","","","","","","","",""
"-138.77","69.35","STOKES POINT","2101050","1967-11-28","1967","11","28","","","","","","","","","","","","","","","","","","","","","","",""
"-138.77","69.35","STOKES POINT","2101050","1967-11-29","1967","11","29","","","","","","","","","","","","","","","","","","","","","","",""
"-138.77","69.35","STOKES POINT","2101050","1967-11-30","1967","11","30","","","","","","","","","","","","","","","","","","","","","","",""
"-138.77","69.35","STOKES POINT","2101050","1967-12-01","1967","12","01","","","","","","","","","","","","","","","","","","","","","","",""
"-138.77","69.35","STOKES POINT","2101050","1967-12-02","1967","12","02","","","","","","","","","","","","","","","","","","","","","","",""
"-138.77","69.35","STOKES POINT","2101050","1967-12-03","1967","12","03","","","","","","","","","","","","","","","","","","","","","","",""
"-138.77","69.35","STOKES POINT","2101050","1967-12-04","1967","12","04","","","","","","","","","","","","","","","","","","","","","","",""
"-138.77","69.35","STOKES POINT","2101050","1967-12-05","1967","12","05","","","","","","","","","","","","","","","","","","","","","","",""
"-138.77","69.35","STOKES POINT","2101050","1967-12-06","1967","12","06","","","","","","","","","","","","","","","","","","","","","","",""
"-138.77","69.35","STOKES POINT","2101050","1967-12-07","1967","12","07","","","","","","","","","","","","","","","","","","","","","","",""
"-138.77","69.35","STOKES POINT","2101050","1967-12-08","1967","12","08","","","","","","","","","","","","","","","","","","","","","","",""
"-138.77","69.35","STOKES POINT","2101050","1967-12-09","1967","12","09","","","","","","","","","","","","","","","","","","","","","","",""
"-138.77","69.35","STOKES POINT","2101050","1967-12-10","1967","12","10","","","","","","","","","","","","","","","","","","","","","","",""
"-138.77","69.35","STOKES POINT","2101050","1967-12-11","1967","12","11","","","","","","","","","","","","","","","","","","","","","","",""
"-138.77","69.35","STOKES POINT","2101050","1967-12-12","1967","12","12","","","","","","","","","","","","","","","","","","","","","","",""
"-138.77","69.35","STOKES POINT","2101050","1967-12-13","1967","12","13","","","","","","","","","","","","","","","","","","","","","","",""
"-138.77","69.35","STOKES POINT","2101050","1967-12-14","1967","12","14","","","","","","","","","","","","","","","","","","","","","","",""
"-138.77","69.35","STOKES POINT","2101050","1967-12-15","1967","12","15","","","","","","","","","","","","","","","","","","","","","","",""
"-138.77","69.35","STOKES POINT","2101050","1967-12-16","1967","12","16","","","","","","","","","","","","","","","","","","","","","","",""
"-138.77","69.35","STOKES POINT","2101050","1967-12-17","1967","12","17","","","","","","","","","","","","","","","","","","","","","","",""
"-138.77","69.35","STOKES POINT","2101050","1967-12-18","1967","12","18","","","","","","","","","","","","","","","","","","","","","","",""
"-138.77","69.35","STOKES POINT","2101050","1967-12-19","1967","12","19","","","","","","","","","","","","","","","","","","","","","","",""
"-138.77","69.35","STOKES POINT","2101050","1967-12-20","1967","12","20","","","","","","","","","","","","","","","","","","","","","","",""
"-138.77","69.35","STOKES POINT","2101050","1967-12-21","1967","12","21","","","","","","","","","","","","","","","","","","","","","","",""
"-138.77","69.35","STOKES POINT","2101050","1967-12-22","1967","12","22","","","","","","","","","","","","","","","","","","","","","","",""
"-138.77","69.35","STOKES POINT","2101050","1967-12-23","1967","12","23","","","","","","","","","","","","","","","","","","","","","","",""
"-138.77","69.35","STOKES POINT","2101050","1967-12-24","1967","12","24","","","","","","","","","","","","","","","","","","","","","","",""
"-138.77","69.35","STOKES POINT","2101050","1967-12-25","1967","12","25","","","","","","","","","","","","","","","","","","","","","","",""
"-138.77","69.35","STOKES POINT","2101050","1967-12-26","1967","12","26","","","","","","","","","","","","","","","","","","","","","","",""
"-138.77","69.35","STOKES POINT","2101050","1967-12-27","1967","12","27","","","","","","","","","","","","","","","","","","","","","","",""
"-138.77","69.35","STOKES POINT","2101050","1967-12-28","1967","12","28","","","","","","","","","","","","","","","","","","","","","","",""
"-138.77","69.35","STOKES POINT","2101050","1967-12-29","1967","12","29","","","","","","","","","","","","","","","","","","","","","","",""
"-138.77","69.35","STOKES POINT","2101050","1967-12-30","1967","12","30","","","","","","","","","","","","","","","","","","","","","","",""
"-138.77","69.35","STOKES POINT","2101050","1967-12-31","1967","12","31","","","","","","","","","","","","","","","","","","","","","","",""
